excipient_names,unii,num_names,count
MAGNESIUM STEARATE,70097M6I30,1,5841
"CELLULOSE, MICROCRYSTALLINE, Cellulose, Microcrystalline, MICROCRYSTALLINE CELLULOSE, Microcrystalline Cellulose, Microcrystalline cellulose, cellulose, microcrystalline, microcrystalline cellulose",OP1R32D61U,7,4317
TITANIUM DIOXIDE,15FIX9V2JP,1,4073
SILICON DIOXIDE,ETJ7Z6XBU4,1,3419
"STARCH, CORN, STARCH, PREGELATINIZED CORN, Starch, Corn, Starch, Pregelatinized Corn, Starch, corn, ZEA MAYS (CORN) STARCH, starch, corn",O8232NY3SJ,7,3093
LACTOSE MONOHYDRATE,EWQ57Q8I5X,1,2903
TALC,7SEV7J4R1U,1,2250
"HYDROXYPROPYL METHYLCELLULOSE, HYPROMELLOSE, HYPROMELLOSE, UNSPECIFIED, HYPROMELLOSES, Hypromellose, Unspecified, Hypromellose, unspecified, Hypromelloses, hypromellose, hypromellose, unspecified, hypromelloses",3NXW29V3WO,10,1991
FERRIC OXIDE YELLOW,EX438O2MRT,1,1689
"CROSCARMELLOSE SODIUM, Croscarmellose Sodium, Croscarmellose sodium, croscarmellose sodium",M28OL1HH48,4,1574
"GELATIN, GELATIN, UNSPECIFIED, Gelatin, Gelatin, Unspecified, Gelatin, unspecified, gelatin, gelatin, unspecified",2G86QN327L,7,1417
FERROSOFERRIC OXIDE,XM0M87F357,1,1385
SODIUM LAURYL SULFATE,368GB5141J,1,1349
SODIUM STARCH GLYCOLATE TYPE A POTATO,5856J3G2A2,1,1343
HEMATITE,1K09F3G675,1,1332
PROPYLENE GLYCOL,6DC9Q167V3,1,1303
"POLYETHYLENE GLYCOL, POLYETHYLENE GLYCOL, UNSPECIFIED, POLYETHYLENE GLYCOLS, POLYETHYLENE GLYCOLs, Polyethylene Glycol, Polyethylene Glycol, Unspecified, Polyethylene Glycols, Polyethylene glycol, unspecified, polyethylene glycol, polyethylene glycol, unspecified, polyethylene glycols",3WJQ0SDW1A,11,1303
"POVIDONE, POVIDONE, UNSPECIFIED, POVIDONES, PVP, Povidone, Povidone, Unspecified, Povidones, povidone, povidone, unspecified, povidones",FZ989GH94E,10,1260
FD&C BLUE NO. 1,H3R47K3TBD,1,1224
D&C YELLOW NO. 10,35SW5USQ3G,1,1210
FD&C YELLOW NO. 6,H77VEI93A8,1,1167
FD&C BLUE NO. 2,L06K8R7DQK,1,1096
FD&C RED NO. 40,WZB9127XOA,1,1088
SHELLAC,46N107B71O,1,994
WATER,059QF0KO0R,1,831
ANHYDROUS LACTOSE,3SY5LH9PMK,1,823
polysorbate 80,6OZP39ZG8H,1,720
CROSPOVIDONE,68401960MK,1,664
"POLYVINYL ALCOHOL, POLYVINYL ALCOHOL, UNSPECIFIED, POLYVINYL ALCOHOl, Polyvinyl Alcohol, Polyvinyl Alcohol, Unspecified, Polyvinyl Alcohol, unspecified, Polyvinyl alcohol, unspecified, polyvinyl alcohol, polyvinyl alcohol, unspecified",532B59J990,9,647
"POVIDONE K30, Povidone K30, Povidone k30, povidone K30, povidone k30",U725QWY32X,5,643
MANNITOL,3OWL53L36A,1,612
STEARIC ACID,4ELV7Z65AP,1,599
SUCROSE,C151H8M554,1,551
"PEG-8, POLYETHYLENE GLYCOL  400, POLYETHYLENE GLYCOL 400, Polyethylene Glycol 400, Polyethylene glycol 400, polyethylene glycol 400",B697894SGQ,6,542
"HYPROMELLOSE 2910 (6 CPS), HYPROMELLOSE 2910 (6 MPA.S), Hypromellose 2910 (6 MPA.S), Hypromellose 2910 (6 Mpa.S), Hypromellose 2910 (6 Mpa.s), hypromellose 2910 (6 MPA.S), hypromellose 2910 (6 cps)",0WZ8WG20P6,7,536
"HYDROXYPROPYL CELLULOSE, HYDROXYPROPYL CELLULOSE (1200000 MW), HYDROXYPROPYL CELLULOSE (1600000 WAMW), HYDROXYPROPYL CELLULOSE (TYPE H), Hydroxypropyl Cellulose, Hydroxypropyl Cellulose (1600000 WAMW), Hydroxypropyl Cellulose (type H), Hydroxypropyl cellulose, hydroxypropyl cellulose, hydroxypropyl cellulose (1600000 WAMW), hydroxypropyl cellulose (type H)",RFW2ET671P,11,533
CROSPOVIDONE,2S7830E561,1,511
TRIACETIN,XHX3C3X673,1,477
AMMONIA,5138Q19F1X,1,457
POTASSIUM HYDROXIDE,WZH3C48M4T,1,452
"GLYCERIN, GLYCEROL",PDC6A3C0OX,2,445
"ALCOHOL, ETHANOL",3K9958V90M,2,412
TRIETHYL CITRATE,8Z96QXD6UM,1,387
METHYLPARABEN,A2I8C7HI9T,1,348
ISOPROPYL ALCOHOL,ND2M416302,1,327
BUTYL ALCOHOL,8PJ61P6TS3,1,325
"PEG-75, POLYETHYLENE GLYCOL 3350, Polyethylene Glycol 3350, Polyethylene glycol 3350, polyethylene glycol 3350",G2M7P15E5P,5,317
Anhydrous Citric Acid,XF417D3PSL,1,315
ALUMINUM OXIDE,LMI26O6933,1,289
SODIUM BENZOATE,OJ245FE5EU,1,282
"POLYETHYLENE GLYCOL 8000, Polyethylene Glycol 8000, Polyethylene glycol 8000, polyethylene glycol 8000",Q662QK8M3B,4,266
"HYPROMELLOSE 2910 (5 CPS), HYPROMELLOSE 2910 (5 MPA.S), Hypromellose 2910 (5 MPA.S), Hypromellose 2910 (5 Mpa.S), hypromellose 2910 (5 MPA.S)",R75537T0T4,5,264
"LACTOSE, UNSPECIFIED FORM",J2B2A4N98G,1,264
ANHYDROUS DIBASIC CALCIUM PHOSPHATE,L11K75P92J,1,258
PROPYLPARABEN,Z8IX2SC1OH,1,250
METHACRYLIC ACID AND ETHYL ACRYLATE COPOLYMER,NX76LV5T8J,1,245
SORBITOL,506T60A25R,1,234
POLYDEXTROSE,VH2XOU12IE,1,233
SODIUM STEARYL FUMARATE,7CV7WJK4UI,1,233
"CARNAUBA WAX, COPERNICIA CERIFERA (CARNAUBA) WAX, Carnauba Wax, Carnauba wax, carnauba wax",R12CBM0EIZ,5,229
"HYPROMELLOSE 2910 (3 CPS), HYPROMELLOSE 2910 (3 MPA.S), Hypromellose 2910 (3 MPA.S), Hypromellose 2910 (3 Mpa.S), hypromellose 2910 (3 cps)",0VUT3PMY82,5,219
DIBASIC CALCIUM PHOSPHATE DIHYDRATE,O7TSZ97GEP,1,214
"LECITHIN, SOYBEAN, Lecithin, Soybean, SOYBEAN LECITHIN, Soybean Lecithin, lecithin, soybean",1DI56QDM62,5,207
SUCRALOSE,96K6UQ3ZD4,1,206
XANTHAN GUM,TTV12P4NEE,1,203
"HYDROXYPROPYL CELLULOSE, UNSPECIFIED, HYDROXYPROPYLCELLULOSE, Hydroxypropyl Cellulose, Unspecified, Hydroxypropyl cellulose, Unspecified, hydroxypropyl cellulose, unspecified",9XZ8H6N6OH,5,198
D&C YELLOW NO. 10 ALUMINUM LAKE,CQ3XH3DET6,1,193
SACCHARIN SODIUM,SB8ZUX40TY,1,192
FD&C RED NO. 3,PN2ZH5LOQY,1,191
D&C RED NO. 28,767IP0Y5NH,1,191
Sodium Hydroxide,55X04QC32I,1,184
CITRIC ACID MONOHYDRATE,2968PHW8QP,1,177
"PEG-135, POLYETHYLENE GLYCOL 6000, Polyethylene Glycol 6000",30IQX730WE,3,171
"ETHYLCELLULOSE, ETHYLCELLULOSE, UNSPECIFIED, ETHYLCELLULOSES, Ethylcelluloses, ethylcellulose, unspecified, ethylcelluloses",7Z8S9VYZ4B,6,169
FD&C BLUE NO. 1 ALUMINUM LAKE,J9EQA3S2JM,1,164
"HYDROXYPROPYL CELLULOSE, LOW SUBSTITUTED, Hydroxypropyl Cellulose, Low Substituted, LOW-SUBSTITUTED HYDROXYPROPYL CELLULOSE, UNSPECIFIED, hydroxypropyl cellulose, low substituted, low-substituted hydroxypropyl cellulose, unspecified",2165RE0K14,5,153
FD&C BLUE NO. 2--ALUMINUM LAKE,4AQJ3LG584,1,149
CARBOXYMETHYLCELLULOSE SODIUM,K679OBS311,1,147
MALTODEXTRIN,7CVR7L4A2D,1,142
"SODIUM CITRATE, UNSPECIFIED FORM",1Q73Q2JULR,1,137
"COPOVIDONE, COPOVIDONE K25-31, Copovidone, Copovidone K25-31, copovidone",D9C330MD8B,5,137
BUTYLATED HYDROXYANISOLE,REK4960K2U,1,129
Trisodium Citrate Dihydrate,B22547B95K,1,127
"PEG-90, POLYETHYLENE GLYCOL 4000, Polyethylene Glycol 4000, polyethylene glycol 4000",4R4HFI6D95,4,125
DIMETHICONE,92RU3N3Y1O,1,123
"HYPROMELLOSE 2910 (15 CPS), HYPROMELLOSE 2910 (15 MPA.S), Hypromellose 2910 (15 Mpa.S), hypromellose 2910 (15 MPA.S)",36SFW2JZ0W,4,121
"MICROCRYSTALLINE CELLULOSE 102, Microcrystalline Cellulose 102, Microcrystalline cellulose 102",PNR0YF693Y,3,116
SODIUM STARCH GLYCOLATE TYPE A,H8AV0SQX4D,1,114
"POVIDONE K90, Povidone K90, povidone K90, povidone k90",RDH86HJV5Z,4,114
D&C RED NO. 30,2S42T2808B,1,114
ASCORBIC ACID,PQ6CK8PD0R,1,111
EDETATE DISODIUM,7FLD91C86K,1,107
CALCIUM STEARATE,776XM7047L,1,107
SODIUM BICARBONATE,8MDF5V39QO,1,97
DOCUSATE SODIUM,F05Q2T2JA0,1,94
"MICROCRYSTALLINE CELLULOSE 101, Microcrystalline Cellulose 101, Microcrystalline cellulose 101",7T9FYH5QMK,3,94
"POLOXAMER 188, Poloxamer 188, poloxamer 188",LQA7B6G8JG,3,91
"METHACRYLIC ACID - METHYL METHACRYLATE COPOLYMER (1:1), Methacrylic Acid - Methyl Methacrylate Copolymer (1:1), methacrylic acid - methyl methacrylate copolymer (1:1)",74G4R6TH13,3,91
"MEDIUM-CHAIN TRIGLYCERIDES, Medium-Chain Triglycerides",C9H2L21V7U,2,90
"ACACIA, Acacia, acacia",5C5403N26O,3,90
SODIUM CHLORIDE,451W47IQ8X,1,90
D&C RED NO. 33,9DBA0SBB0L,1,89
FD&C GREEN NO. 3,3P3ONR6O1S,1,86
aspartame,Z0H242BBR1,1,86
FD&C YELLOW NO. 5,I753WB2F1M,1,85
D&C RED NO. 27,2LRS185U6K,1,85
POLACRILIN POTASSIUM,0BZ5A00FQU,1,78
"HYDROGENATED COTTONSEED OIL, hydrogenated cottonseed oil",Z82Y2C65EA,2,72
BUTYLATED HYDROXYTOLUENE,1P9D0Z171K,1,71
.ALPHA.-TOCOPHEROL,H4N855PNZ1,1,70
"POVIDONE K25, Povidone K25",K0KQV10C35,2,70
HYDROCHLORIC ACID,QTT17582CB,1,69
"HYPROMELLOSE 2208 (100 MPA.S), Hypromellose 2208 (100 Mpa.S)",B1QE5P712K,2,67
"SODIUM STARCH GLYCOLATE TYPE A CORN, Sodium Starch Glycolate Type A Corn, sodium starch glycolate type a corn",AG9B65PV6B,3,65
GLYCERYL DIBEHENATE,R8WTH25YS2,1,64
TARTARIC ACID,W4888I119H,1,62
"POLOXAMER 407, Poloxamer 407, poloxamer 407",TUF2IVW3M2,3,62
SHELLAC,MB5IUD6JUA,1,62
CELLULOSE ACETATE,3J2P07GVB6,1,59
INDIGOTINDISULFONATE SODIUM,D3741U8K7L,1,57
"HYDROXYPROPYL CELLULOSE (120000 MW), HYDROXYPROPYL CELLULOSE (90000 WAMW), HYDROXYPROPYL CELLULOSE (TYPE L), Hydroxypropyl Cellulose (90000 WAMW), Hydroxypropyl Cellulose (Type L), hydroxypropyl cellulose (90000 wamw)",UKE75GEA7F,6,55
"HYDROGENATED CASTOR OIL, hydrogenated castor oil",ZF94AP8MEY,2,55
HYPROMELLOSE 2910 (50 MPA.S),1IVH67816N,1,54
POTASSIUM SORBATE,1VPU26JZZ4,1,50
"PEPPERMINT, Peppermint, peppermint",V95R5KMY2B,3,50
MAGNESIUM OXIDE,3A3U0GI71G,1,49
MEGLUMINE,6HG8UB2MUY,1,49
DIBUTYL SEBACATE,4W5IH7FLNY,1,49
FERROUS FUMARATE,R5L488RY0Q,1,49
POWDERED CELLULOSE,SMD1X3XO9M,1,48
HYDROXYPROPYL CELLULOSE (110000 WAMW),5Y0974F5PW,1,46
FD&C YELLOW NO. 6 ALUMINUM LAKE,GYP6Z2JR6Q,1,46
SODIUM ALGINATE,C269C4G2ZQ,1,45
glyceryl monostearate,230OU9XXE4,1,45
"ETHYLCELLULOSE (10 MPA.S), ethylcellulose (10 MPA.S)",3DYK7UYZ62,2,43
HYPROMELLOSE 2208 (100000 MPA.S),VM7F0B23ZI,1,42
"HYPROMELLOSE 2208 (15000 CPS), HYPROMELLOSE 2208 (15000 MPA.S), Hypromellose 2208 (15000 MPA.S), hypromellose 2208 (15000 MPA.S), hypromellose 2208 (15000 mpa.s)",Z78RG6M2N2,5,41
"SORBITOL SOLUTION, SORBITOL SOLUTION 70%, sorbitol solution",8KW3E207O2,3,39
METHACRYLIC ACID,1CS02G8656,1,38
SORBIC ACID,X045WJ989B,1,37
ACESULFAME POTASSIUM,23OV73Q5G9,1,37
XYLITOL,VCQ006KQ1E,1,36
"CALCIUM SULFATE, UNSPECIFIED FORM",WAT0DDB505,1,36
HYPROMELLOSE 2208 (3 MPA.S),9H4L916OBU,1,36
POVIDONE K29/32,390RMW2PEQ,1,35
VANILLIN,CHI530446X,1,35
CALCIUM CARBONATE,H0G9379FGK,1,35
"METHACRYLIC ACID - METHYL METHACRYLATE COPOLYMER (1:2), Methacrylic Acid - Methyl Methacrylate Copolymer (1:2), methacrylic acid - methyl methacrylate copolymer (1:2)",5KY68S2577,3,35
CALCIUM SULFATE DIHYDRATE,4846Q921YM,1,34
MAGNESIUM ALUMINUM SILICATE,6M3P64V0NC,1,33
DIETHYL PHTHALATE,UF064M00AF,1,32
BENZYL ALCOHOL,LKG8494WBH,1,31
"CROSPOVIDONE (12 MPA.S AT 5%), CROSPOVIDONE (35 .MU.M)",40UAA97IT9,2,30
".ALPHA.-TOCOPHEROL, DL-",7QWA1RIO01,1,30
FD&C RED NO. 40 ALUMINUM LAKE,6T47AS764T,1,29
"HYDROXYPROPYL CELLULOSE (70000 WAMW), HYDROXYPROPYL CELLULOSE (TYPE E)",66O7AQV0RT,2,29
PROPYL GALLATE,8D4SNN7V92,1,28
"SOYBEAN OIL, soybean oil",241ATL177A,2,28
"PEPPERMINT OIL, Peppermint Oil, peppermint oil",AV092KU4JH,3,27
OLEIC ACID,2UMI9U37CP,1,27
POLYETHYLENE GLYCOL 3000,SA1B764746,1,27
Dimethylaminoethyl Methacrylate - Butyl Methacrylate - Methyl Methacrylate Copolymer,905HNO1SIH,1,26
POLYOXYL 40 HYDROGENATED CASTOR OIL,7YC686GQ8F,1,26
MALIC ACID,817L1N4CKP,1,26
Acetic Acid,Q40Q9N063P,1,26
METHYL ALCOHOL,Y4S76JWI15,1,25
"ALGINIC ACID, alginic acid",8C3Z4148WZ,2,25
"CARBOXYMETHYLCELLULOSE CALCIUM, carboxymethylcellulose calcium",UTY7PDF93L,2,24
"SODIUM PHOSPHATE, DIBASIC, ANHYDROUS",22ADO53M6F,1,24
"HYPROMELLOSE PHTHALATE (24% PHTHALATE, 55 CST), Hypromellose Phthalate (24% Phthalate, 55 Cst), hypromellose phthalate (24% phthalate, 55 CST)",87Y6436BKR,3,24
GUAR GUM,E89I1637KE,1,24
METHYLCELLULOSE (100 MPA.S),4GFU244C4J,1,24
FUMARIC ACID,88XHZ13131,1,23
"DEXTROSE, UNSPECIFIED FORM",IY9XDZ35W2,1,23
"NONCRYSTALLIZING SORBITOL SOLUTION, Noncrystallizing sorbitol solution",9E0S3UM200,2,23
POLYETHYLENE OXIDE 200000,11628IH70O,1,23
HYPROMELLOSE 2208 (4000 MPA.S),39J80LT57T,1,23
SODIUM PROPIONATE,DK6Y9P42IN,1,23
GLYCERYL MONO- AND DICAPRYLOCAPRATE,U72Q2I8C85,1,22
METHYLCELLULOSE (15 CPS),NPU9M2E6L8,1,22
POLYSORBATE 20,7T1F30V5YH,1,22
ZINC STEARATE,H92E6QA4FV,1,22
SODIUM CARBONATE,45P3261C7T,1,22
ORANGE,5EVU04N5QU,1,22
HYPROMELLOSE ACETATE SUCCINATE 06081224 (3 MPA.S),6N003M473W,1,22
D&C RED NO. 7,ECW0LZ41X8,1,21
MALTITOL,D65DG142WK,1,21
"HYPROMELLOSE PHTHALATE (31% PHTHALATE, 40 CST)",G4U024CQK6,1,21
SUCCINIC ACID,AB6MNQ6J6L,1,21
"ETHYLCELLULOSE (100 CPS), ETHYLCELLULOSE (100 MPA.S), ethylcellulose (100 mpa.s)",47MLB0F1MV,3,21
"STARCH, POTATO, starch, potato",8I089SAH3T,2,21
DIACETYLATED MONOGLYCERIDES,5Z17386USF,1,20
magnesium carbonate,0E53J927NA,1,20
MICROCRYSTALLINE CELLULOSE 112,X7XJ6RM9Q2,1,20
BENZOIC ACID,8SKN0B0MIM,1,19
Phosphoric Acid,E4GA8884NN,1,19
TRIBASIC CALCIUM PHOSPHATE,91D9GV0Z28,1,19
D&C RED NO. 27 ALUMINUM LAKE,ZK64F7XSTX,1,19
"STRAWBERRY, Strawberry, strawberry",4J2TY8Y81V,3,19
ACETYLTRIBUTYL CITRATE,0ZBX0N59RZ,1,18
MENTHOL,L7T10EIP3A,1,18
"HYPROMELLOSE 2910 (15000 MPA.S), Hypromellose 2910 (15000 MPA.S)",288VBX44JC,2,18
SODIUM PHOSPHATE DIBASIC DIHYDRATE,94255I6E2T,1,18
"AMMONIO METHACRYLATE COPOLYMER TYPE B, EUDRAGIT RS 30",161H3B14U2,2,18
"PEANUT OIL, Peanut Oil",5TL50QU0W4,2,17
SPEARMINT,J7I2T6IV1N,1,17
"POLYVINYL ACETATE PHTHALATE, Polyvinyl Acetate Phthalate",58QVG85GW3,2,17
"GLYCERYL CAPRYLATE/CAPRATE, GLYCERYL MONOCAPRYLOCAPRATE, Glyceryl Monocaprylocaprate",G7515SW10N,3,17
SORBITAN MONOOLEATE,06XEA2VD56,1,17
ETHYLCELLULOSE (20 MPA.S),BJG0S321QY,1,17
POLYETHYLENE GLYCOL 1000,U076Q6Q621,1,17
METHYLPARABEN SODIUM,CR6K9C2NHK,1,17
"ETHYL ACRYLATE - METHYL METHACRYLATE COPOLYMER, ETHYL ACRYLATE AND METHYL METHACRYLATE COPOLYMER (2:1; 750000 MW)",P2OM2Q86BI,2,17
"DEXTRATES, dextrates",G263MI44RU,2,17
CALCIUM PHOSPHATE,97Z1WI3NDX,1,17
D&C RED NO. 6,481744AI4O,1,16
POTASSIUM CHLORIDE,660YQ98I10,1,16
MAGNESIUM HYDROXIDE,NBZ3QY004S,1,16
"HYDROXYETHYL CELLULOSE (140 CPS AT 5%), HYDROXYETHYL CELLULOSE (140 MPA.S AT 5%), hydroxyethyl cellulose (140 MPA.S at 5%)",8136Y38GY5,3,16
MINERAL OIL,T5L8T28FGP,1,16
BUTYLPARABEN,3QPI1U3FV8,1,16
AMMONIO METHACRYLATE COPOLYMER TYPE A,8GQS4E66YY,1,16
Ethyl acetate,76845O8NMZ,1,15
GLYCINE,TE7660XO1C,1,15
CETYL ALCOHOL,936JST6JCN,1,15
CHERRY,BUC5I9595W,1,15
EDETATE CALCIUM DISODIUM,25IH6R4SGF,1,15
"RAW SUGAR, Raw Sugar, raw sugar",8M707QY5GH,3,15
POLYVINYL ACETATE,32K497ZK2U,1,15
"MODIFIED CORN STARCH (1-OCTENYL SUCCINIC ANHYDRIDE), modified corn starch (1-octenyl succinic anhydride)",461P5CJN6T,2,14
"HYDROXYETHYL CELLULOSE (2000 CPS AT 1%), HYDROXYETHYL CELLULOSE (2000 MPA.S AT 1%), Hydroxyethyl Cellulose (2000 Cps At 1%), Hydroxyethyl Cellulose (2000 Mpa.S At 1%), hydroxyethyl cellulose (2000 MPA.S AT 1%)",S38J6RZN16,5,14
POTASSIUM CARBONATE,BQN1B9B9HA,1,14
TOCOPHEROL,R0ZB2556P8,1,14
ACETONE,1364PS73AF,1,14
RASPBERRY,4N14V5R27W,1,14
"YELLOW WAX, yellow wax",2ZA36H0S2V,2,14
"BROWN IRON OXIDE, brown iron oxide",1N032N7MFO,2,13
PROPYLPARABEN SODIUM,625NNB0G9N,1,13
ALUMINUM HYDROXIDE,5QB0T2IUN0,1,13
SODIUM ACETATE,4550K0SC9B,1,13
"HYDROXYETHYL CELLULOSE, UNSPECIFIED",T4V6TWG28D,1,13
BANANA,4AJZ4765R9,1,12
FRUCTOSE,6YSS42VSEV,1,12
CASTOR OIL,D5340Y2I9G,1,12
"SESAME OIL, sesame oil",QX10HYY4QV,2,12
WHITE WAX,7G1J5DA97F,1,11
"HYDROGENATED SOYBEAN OIL, Hydrogenated Soybean Oil",A2M91M918C,2,11
GRAPE,6X543N684K,1,11
AMMONIUM GLYCYRRHIZATE,3VRD35U26C,1,11
SODIUM STEARATE,QU7E2XA9TG,1,11
POLYETHYLENE GLYCOL 300,5655G9Y8AQ,1,11
MAGNESIUM TRISILICATE,C2E1CI501T,1,10
HYPROMELLOSE 2910 (10000 MPA.S),0HO1H52958,1,10
BLACKBERRY,8A6OMU3I8L,1,10
CORN OIL,8470G57WFM,1,10
NITROGEN,N762921K75,1,10
POTASSIUM BICARBONATE,HM5Z15LEBN,1,10
SODIUM METABISULFITE,4VON5FNS3C,1,10
"METHYLCELLULOSE, UNSPECIFIED",Z944H5SN0H,1,10
"POLYVINYL ALCOHOL (100000 MW), Polyvinyl Alcohol (100000 Mw)",949E52Z6MY,2,9
POLYETHYLENE OXIDE 5000000,3IG9032SAH,1,9
"HYDROXYPROPYL CELLULOSE (1200000 WAMW), HYDROXYPROPYL CELLULOSE (TYPE M)",U3JF91U133,2,9
1-PROPOXY-2-PROPANOL,152BY1743W,1,9
DIMETHICONE 350,2Y53S6ATLU,1,9
SODIUM POLYSTYRENE SULFONATE,1699G8679Z,1,9
PARAFFIN,I9O0E3H2ZE,1,9
"DIMETHICONE 1000, dimethicone 1000",MCU2324216,2,9
"MICROCRYSTALLINE CELLULOSE 200, Microcrystalline cellulose 200",5XDI2TS1EZ,2,9
LOW-SUBSTITUTED HYDROXYPROPYL CELLULOSE (11% HYDROXYPROPYL; 130000 MW),7773C1ROEU,1,9
"TOCOPHERSOLAN, VITAMIN E POLYETHYLENE GLYCOL SUCCINATE",O03S90U1F2,2,9
POTASSIUM BITARTRATE,NPT6P8P3UU,1,9
POLYETHYLENE GLYCOL 200,R95B8J264J,1,9
KAOLIN,24H4NWX5CO,1,9
"POLYETHYLENE GLYCOL 7000000, POLYETHYLENE OXIDE 7000000, Polyethylene Glycol 7000000",G3MS6M810Y,3,9
METHYLENE CHLORIDE,588X2YUY0A,1,9
"PEG-32 HYDROGENATED PALM GLYCERIDES, STEAROYL POLYOXYL-32 GLYCERIDES",G6EP177239,2,9
"CARBOMER 934, CARBOMER HOMOPOLYMER TYPE B (ALLYL SUCROSE CROSSLINKED)",Z135WT9208,2,8
METHYLCELLULOSE (400 MPA.S),O0GN6F9B2Y,1,8
"SODIUM PHOSPHATE, DIBASIC, UNSPECIFIED FORM",GR686LBA74,1,8
CALCIUM SILICATE,S4255P4G5M,1,8
"MINT, Mint",FV98Z8GITP,2,8
"HYPROMELLOSE PHTHALATE (31% PHTHALATE, 170 CST), hypromellose phthalate (31% phthalate, 170 cst)",8LDD2V82F5,2,8
"STARCH, TAPIOCA, starch, tapioca",24SC3U704I,2,8
"CARBOMER HOMOPOLYMER TYPE A, CARBOMER HOMOPOLYMER TYPE A (ALLYL PENTAERYTHRITOL CROSSLINKED), Carbomer 941",F68VH75CJC,3,8
"PEG-8 STEARATE, POLYOXYL 8 STEARATE",2P9L47VI5E,2,8
betadex,JV039JZZ3A,1,8
SACCHARIN,FST467XS7D,1,8
LIGHT MINERAL OIL,N6K5787QVP,1,8
PEG-40 SORBITAN DIISOSTEARATE,JL4CCU7I1G,1,8
TRICALCIUM PHOSPHATE,K4C08XP666,1,8
ETHYLCELLULOSE (45 MPA.S),V7AD894FAZ,1,7
"POLYOXYL 40 STEARATE, POLYOXYL STEARATE 40",13A4J4NH9I,2,7
CANDELILLA WAX,WL0328HX19,1,7
"TRAGACANTH, tragacanth",2944357O2O,2,7
LEMON,24RS0A988O,1,7
"POLYVINYL ALCOHOL GRAFT POLYETHYLENE GLYCOL COPOLYMER (3:1; 45000 MW), Polyvinyl Alcohol Graft Polyethylene Glycol Copolymer (3:1; 45000 Mw)",23ZQ42JZZH,2,7
ANHYDROUS DEXTROSE,5SL0G7R0OK,1,7
ASCORBYL PALMITATE,QN83US2B0N,1,7
ETHYLCELLULOSE (7 MPA.S),H3UP11403C,1,7
FD&C RED NO. 4,X3W0AM1JLX,1,7
COTTONSEED OIL,H3E878020N,1,7
CARBOXYMETHYLCELLULOSE,05JZI7B19X,1,7
ANHYDROUS TRISODIUM CITRATE,RS7A450LGA,1,7
Isomalt,S870P55O2W,1,7
CARMINIC ACID,CID8Z8N95N,1,7
"CARBOMER HOMOPOLYMER TYPE B, CARBOMER HOMOPOLYMER TYPE B (ALLYL PENTAERYTHRITOL CROSSLINKED)",HHT01ZNK31,2,7
HYPROMELLOSE ACETATE SUCCINATE 12070923 (3 MM2/S),36BGF0E889,1,7
LACTIC ACID,33X04XA5AT,1,7
sucrose stearate,274KW0O50M,1,7
"POLYOXYL 35 CASTOR OIL, polyoxyl 35 castor oil",6D4M1DAL6O,2,7
"SORBITAN, Sorbitan",6O92ICV9RU,2,7
D&C RED NO. 6 BARIUM LAKE,K4XZD9W99K,1,7
HYDROXYPROPYL CELLULOSE (20000 WAMW),KZQ570MOA5,1,7
METHACRYLIC ACID - ETHYL ACRYLATE COPOLYMER (4500 MPA.S),T967IEU43C,1,6
"AMMONIUM PHOSPHATE, DIBASIC",10LGE70FSU,1,6
"CORN SYRUP, corn syrup",9G5L16BK6N,2,6
"SPEARMINT OIL, spearmint oil",C3M81465G5,2,6
POLYETHYLENE GLYCOL 20000,5WKN5KL2O8,1,6
MICROCRYSTALLINE CELLULOSE 105,KO5GYV0DCB,1,6
"CARRAGEENAN, carrageenan",5C69YCD2YJ,2,6
TERT-BUTYL ALCOHOL,MD83SFE959,1,6
"LAUROYL PEG-32 GLYCERIDES, Lauroyl Peg-32 Glycerides",H5ZC52369M,2,6
SORBITAN MONOLAURATE,6W9PS8B71J,1,6
"POLYETHYLENE GLYCOL 2000000, POLYETHYLENE OXIDE 2000000, Polyethylene Glycol 2000000",5K3991GVWI,3,6
BERRY,FV3431923Z,1,6
POLYETHYLENE GLYCOL 1450,OJ4Z5Z32L4,1,6
SODIUM STARCH GLYCOLATE TYPE B POTATO,27NA468985,1,6
ETHYLENE GLYCOL MONOETHYL ETHER,IDK7C2HS09,1,6
ALUMINUM CHLOROHYDREX PROPYLENE GLYCOL,PGG6VG42HP,1,6
POVIDONE K12,333AG72FWJ,1,6
ethylparaben,14255EXE39,1,6
"1,4-SORBITAN",AV0YTZ4E6J,1,5
MAGNESIUM PALMITOSTEARATE,R4OXA9G5BV,1,5
GLYCERYL MONO- AND DIPALMITOSTEARATE,KC98RO82HJ,1,5
POLYETHYLENE GLYCOL 2000,HAF0412YIT,1,5
GLYCERYL OLEATE,4PC054V79P,1,5
GLYCERYL BEHENATE/EICOSADIOATE,73CJJ317SR,1,5
ETHYLCELLULOSE AQUEOUS DISPERSION TYPE B,HZJ2V81RYU,1,5
ACESULFAME,MA3UYZ6K1H,1,5
MAGNESIUM SILICATE,9B9691B2N9,1,5
POLY(METHYL ACRYLATE-CO-METHYL METHACRYLATE-CO-METHACRYLIC ACID 7:3:1; 280000 MW),99Q3C7L77T,1,5
HYDROXYPROPYL CELLULOSE (160000 WAMW),0A7M0N7SPE,1,5
SOYBEAN PHOSPHATIDYLCHOLINE,1T6N4D9YV6,1,5
HYPROMELLOSE ACETATE SUCCINATE 16070722 (3 MM2/S),24P2YXD2PW,1,5
"POLYETHYLENE GLYCOL 1500, POLYETHYLENE GLYCOL 1600",1212Z7S33A,2,5
CARAMEL,T9D99G2B1R,1,4
RIBOFLAVIN,TLM2976OFR,1,4
"HYPROMELLOSE ACETATE SUCCINATE, UNSPECIFIED",A7ZHS2RJ34,1,4
TROLAMINE,9O3K93S3TK,1,4
SODIUM LAURYL SULFOACETATE,D0Y70F2B9J,1,4
CORN,0N8672707O,1,4
D&C RED NO. 22,1678RKX8RT,1,4
CARBOMER HOMOPOLYMER TYPE C (ALLYL PENTAERYTHRITOL CROSSLINKED),4Q93RCW27E,1,4
SODIUM ACETATE ANHYDROUS,NVG71ZZ7P0,1,4
"Sodium Phosphate, Monobasic, Anhydrous",KH7I04HPUU,1,4
D&C RED NO. 30 ALUMINUM LAKE,GE75M6YV5W,1,4
FERROUS OXIDE,G7036X8B5H,1,4
.ALPHA.-TOCOPHEROL ACETATE,9E8X80D2L0,1,4
potassium citrate,EE90ONI6FF,1,4
SOY ACID,HBA528N3PW,1,4
SACCHARIN SODIUM ANHYDROUS,I4807BK602,1,4
MAGNESIUM ALUMINUM SILICATE TYPE IIA,II0CAA4909,1,4
FERROUS BISGLYCINATE,SFW1D987QV,1,4
"PEG-40 CASTOR OIL, POLYOXYL 40 CASTOR OIL",4ERD2076EF,2,4
SODIUM PHOSPHATE,SE337SVY37,1,4
"CETOSTEARYL ALCOHOL, cetostearyl alcohol",2DMT128M1S,2,4
SODIUM LAURETH-3 SULFATE,BPV390UAP0,1,4
GLYCERYL MONOOLEATE,C4YAD5F5G6,1,4
ALUMINUM CHLORIDE,3CYT62D3GA,1,4
ETHYL ACRYLATE,71E6178C9T,1,4
LOW-SUBSTITUTED HYDROXYPROPYL CELLULOSE (11% HYDROXYPROPYL; 120000 MW),NZ94SDL6WR,1,4
"SODIUM PHOSPHATE, MONOBASIC, UNSPECIFIED FORM",3980JIH2SW,1,4
BARIUM OXIDE,77603K202B,1,4
GLYCERYL PALMITOSTEARATE,GSY51O183C,1,4
SACCHARIN SODIUM MONOHYDRATE,A9CO00M9HV,1,4
COCHINEAL,TZ8Z31B35M,1,4
MAGNESIUM ALUMINOMETASILICATE TYPE I-A,7LVU907546,1,4
HYDROXYPROPYL CELLULOSE (430000 WAMW),VQ8ZWO78F6,1,3
"SODIUM PHOSPHATE, TRIBASIC, ANHYDROUS",SX01TZO3QZ,1,3
glyceryl monocaprylate,TM2TZD4G4A,1,3
ALUMINUM STEARATE,U6XF9NP8HM,1,3
ALUMINUM SILICATE,T1FAD4SS2M,1,3
GALACTOSE,X2RN3Q8DNE,1,3
"ETHYL ACRYLATE AND METHYL METHACRYLATE COPOLYMER (2:1; 600000 MW), METHACRYLIC ACID - ETHYL ACRYLATE COPOLYMER (1:2)",XRK36F13ZZ,2,3
"GELATIN TYPE B BOVINE (200 BLOOM), Gelatin Type B Bovine (200 Bloom)",A7JR5F8DLH,2,3
POLYETHYLENE OXIDE 1000000,HZ58M6D839,1,3
SUNFLOWER OIL MONO/DIGLYCERIDES,HS7EB0C1ZH,1,3
DIMETHICONOL/TRIMETHYLSILOXYSILICATE CROSSPOLYMER (40/60 W/W; 1000000 PA.S),83D19O7250,1,3
FD&C YELLOW NO. 5 ALUMINUM LAKE,JQ6BLH9FR7,1,3
POLYSORBATE 40,STI11B5A2X,1,3
maleic acid,91XW058U2C,1,3
POLYETHYLENE GLYCOL 100000,V46Y6OJ5QB,1,3
STEARYL ALCOHOL,2KR89I4H1Y,1,3
HYDROXYPROPYL BETADEX,1I96OHX6EK,1,3
CORN OIL PEG-6 ESTERS,1U4409FY0P,1,3
ETHYL ACRYLATE AND METHYL METHACRYLATE COPOLYMER DISPERSION (2:1; 750000 MW 40% AQUEOUS),0MKJ04EU89,1,3
SULFUR DIOXIDE,0UZA3422Q4,1,3
CARBOXYMETHYLCELLULOSE SODIUM (0.7 CARBOXYMETHYL SUBSTITUTION PER SACCHARIDE; 400 MPA.S AT 1%),FC40A8XAJ3,1,3
ALUMINUM SULFATE,34S289N54E,1,3
PEACH,3OKE88I3QG,1,3
ETHYLCELLULOSE AQUEOUS DISPERSION TYPE A,MX37N1DUF3,1,3
METHYLCELLULOSE (4000 MPA.S),MRJ667KA5E,1,3
PEG/PPG-30/160 COPOLYMER,68T8I45V23,1,3
PLUM,67M3EQ6BE1,1,3
METHYLCELLULOSE (1500 MPA.S),P0NTE48364,1,3
"CARRAGEENAN SODIUM, carrageenan sodium",7CY8BVL34N,2,3
Ethyl Maltol,L6Q8K29L05,1,3
DEXTROSE MONOHYDRATE,LX22YL083G,1,3
VANILLA,Q74T35078H,1,3
"CROSPOVIDONE (19 MPA.S AT 5%), CROSPOVIDONE (20 .MU.M)",6B46OH7T95,2,3
AMMONIUM CATION,54S68520I4,1,3
"SODIUM PHOSPHATE, MONOBASIC, DIHYDRATE",5QWK665956,1,3
HYPROMELLOSE 2208 (200000 MPA.S),LJY3MA129D,1,3
NONOXYNOL-100,A906T4D368,1,3
CORN STARCH 3-E-DODECENYL SUCCINIC ANHYDRIDE MODIFIED,QG4MW19XYX,1,3
HYDROGENATED SOYBEAN LECITHIN,H1109Z9J4N,1,3
TRIMYRISTIN,18L31PSR28,1,2
POLYSORBATE 65,14BGY2Y3MJ,1,2
NEOTAME,VJ597D52EX,1,2
MICROCRYSTALLINE CELLULOSE 301,W7YXH6D4BD,1,2
"CARBOMER HOMOPOLYMER, UNSPECIFIED TYPE",0A5MM307FC,1,2
MALTOSE,XJ6S9RV06F,1,2
MAGNESIUM ALUMINUM SILICATE TYPE IC,XLI9KNX1FT,1,2
HIGH FRUCTOSE CORN SYRUP,XY6UN3QB6S,1,2
TITANIUM,D1JT611TNE,1,2
CETYLPYRIDINIUM CHLORIDE,D9OM4SK49P,1,2
HYDROXYETHYL BEHENAMIDOPROPYL DIMONIUM CHLORIDE,9CO8OUL4TH,1,2
"SILICIFIED MICROCRYSTALLINE CELLULOSE (125 .MICRO.M, HIGH-DENSITY)",GRV5BG8C5N,1,2
HYDROGEN PEROXIDE,BBX060AN9V,1,2
CALCIUM ALGINATE,8P20S56HZI,1,2
PHENOXYETHANOL,HIE492ZZ3T,1,2
PEG-20 SORBITAN STEARATE,HD40WR33LC,1,2
SILICIFIED MICROCRYSTALLINE CELLULOSE (125 .MICRO.M),88X4A2YW6T,1,2
CARBOMER HOMOPOLYMER TYPE B (ALLYL PENTAERYTHRITOL OR ALLYL SUCROSE CROSSLINKED),K6MOM3T5YL,1,2
HYDROXYPROPYL CELLULOSE (45000 WAMW),8VAB711C5E,1,2
GLYCERYL DISTEARATE,73071MW2KM,1,2
SILODRATE,9T3UU8T0QK,1,2
SODIUM,9NEZ333N27,1,2
"CELLABURATE (MW 65000, 17% BUTYRYL, 30% ACETYL)",BEI30UXK2N,1,2
LEVOMENTHOL,BZ1R15MTK7,1,2
MICROCRYSTALLINE CELLULOSE 302,91B875MM4H,1,2
"BLACK CURRANT, black currant",9755T40D11,2,2
SODIUM GLYCOLATE,B75E535IMI,1,2
"PROPYLENE GLYCOL, (R)-",602HN5L69H,1,2
VINYL ACETATE,L9MK238N77,1,2
"STARCH, WHEAT",79QS2MG2LP,1,2
HYDROXYETHYL CELLULOSE (100 MPA.S AT 2%),R33S7TK2EP,1,2
SODIUM ASCORBATE,S033EH8359,1,2
BARIUM SULFATE,25BB7EKE2E,1,2
BLUEBERRY,253RUG1X1A,1,2
PINEAPPLE,2A88ZO081O,1,2
propylene glycol alginate,26CD3J2R0C,1,2
EGG PHOSPHOLIPIDS,1Z74184RGV,1,2
BETADEX SULFOBUTYL ETHER SODIUM,2PP9364507,1,2
GELATIN TYPE B BOVINE (160 BLOOM),1T8387508X,1,2
POLOXAMER 124,1S66E28KXA,1,2
SALCAPROZATE SODIUM,1YTW0422YU,1,2
SILICON,Z4152N8IUI,1,2
CYSTEINE HYDROCHLORIDE,ZT934N0X4W,1,2
POLYETHYLENE GLYCOL 800,UH6KR4953D,1,2
PLASACRYL T20,U3HKX3SA66,1,2
CALCIUM,SY7Q814VUP,1,2
SULFURIC ACID,O40UQP6WCF,1,2
"HYDROLYSED BOVINE COLLAGEN (ENZYMATIC; 2000-5000 MW), HYDROLYSED BOVINE COLLAGEN (ENZYMATIC; 3500 MW)",5WE8P977RQ,2,2
"COCONUT OIL, coconut oil",Q9L0O73W7L,2,2
PALMITOSTEARIC ACID,Q8Y7S3B85M,1,2
PPG-2 HYDROXYETHYL COCAMIDE,34N07GUJ3X,1,2
SODIUM PROPIONATE ANHYDROUS,391O0PO49R,1,2
MALTOL,3A9RD92BS4,1,2
"POTASSIUM PHOSPHATE, MONOBASIC",4J9FJ0HL51,1,2
PROPYLENE GLYCOL MONOLAURATE,668Z5835Z3,1,2
ORANGE JUICE,5A9KE2L9L3,1,2
"SODIUM PHOSPHATE, MONOBASIC, MONOHYDRATE",593YOG76RN,1,2
ETHYL VANILLIN,YC9ST449YJ,1,2
TROMETHAMINE,023C2WHX2V,1,2
POLYOXYL 20 CETOSTEARYL ETHER,YRC528SWUY,1,2
MAGNESIUM CHLORIDE,02F3473H9O,1,2
ALOE VERA LEAF,ZY81Z83H0X,1,2
EDETATE SODIUM,MP1J8420LU,1,2
DOCUSATE SODIUM/SODIUM BENZOATE,656HXR6YXN,1,2
"MAGNESIUM SULFATE, UNSPECIFIED FORM",DE08037SAB,1,1
SILICIFIED MICROCRYSTALLINE CELLULOSE (50 .MICRO.M),DVB3KG8URF,1,1
IRON,E1UOL152H7,1,1
"LYSOPHOSPHATIDYLCHOLINE, SOYBEAN",CQD833204Z,1,1
gelatin type b bovine (230 bloom),WIL1404U79,1,1
TYLOXAPOL,Y27PUL9H56,1,1
FD&C RED NO. 4 FREE ACID,WJE3T5596E,1,1
".ALPHA.-TOCOPHEROL ACETATE, DL-",WR1WPI7EW8,1,1
PEG-55 HYDROGENATED CASTOR OIL,0WZF1506N9,1,1
POLYGLYCERYL-3 DIOLEATE,D08AL46IU2,1,1
ALUMINUM,CPD4NFA903,1,1
ETHYLHEXYLGLYCERIN,147D247K3P,1,1
MICA,V8A1AW0880,1,1
"SILICA, TRIMETHYLSILYL CAPPED",VU10KU4B9S,1,1
MYRISTIC ACID,0I3V7S25AW,1,1
"POTASSIUM PHOSPHATE, UNSPECIFIED FORM",B7862WZ632,1,1
POVIDONE K27,H7AGY1OJO8,1,1
ORANGE OIL,AKN3KSD11B,1,1
LAURYL LAURATE,GPW77G0937,1,1
"SODIUM PHOSPHATE P-32, UNSPECIFIED",FEB963GEFV,1,1
PROPRANOLOL GLYCOL,FU45BO16RF,1,1
Methylcellulose (25 CPS),BI55GG2WLI,1,1
"POTASSIUM PHOSPHATE, DIBASIC",CI71S98N1Z,1,1
"SODIUM PHOSPHATE, TRIBASIC, DODECAHYDRATE",B70850QPHR,1,1
LEUCINE,GMW67QNF9C,1,1
CRANBERRY,0MVO31Q3QS,1,1
METHYL METHACRYLATE,196OC77688,1,1
METHANESULFONIC ACID,12EH9M7279,1,1
MAGNESIUM ACETATE,0E95JZY48K,1,1
SODIUM SULFATE,0YPR65R21J,1,1
1-VINYL-2-PYRROLIDONE,76H9G81541,1,1
CARBOMER COPOLYMER TYPE A (ALLYL PENTAERYTHRITOL CROSSLINKED),71DD5V995L,1,1
"SODIUM PHOSPHATE, DIBASIC, HEPTAHYDRATE",70WT22SF4B,1,1
POLYSTYRENE SULFONIC ACID,70KO0R01RY,1,1
ADRABETADEX,8W6Q67R6NX,1,1
PULLULAN,8ZQ0AYU1TT,1,1
EDETATE DISODIUM ANHYDROUS,8NLQ36F6MM,1,1
ERYTHROSINE SODIUM ANHYDROUS,8TL7LH93FM,1,1
D&C GREEN NO. 5,8J6RDU8L9X,1,1
"1,4-BUTANEDIOL MONOVINYL ETHER",8LGM5RZX0N,1,1
SODIUM LAURETH-12 SULFATE,8M492LDU23,1,1
ROSEMARY OIL,8LGU7VM393,1,1
COCO-CAPRYLATE/CAPRATE,8D9H4QU99H,1,1
HETASTARCH,875Y4127EA,1,1
"1,3-PROPANEDIOL BIS(4-AMINOBENZOATE)",8860R9ORQR,1,1
PECTIN,89NA02M4RX,1,1
SODIUM CAPRYLATE,9XTM81VK2B,1,1
TRIBASIC SODIUM PHOSPHATE,A752Q30A6X,1,1
MANGO,I629I3NR86,1,1
SHEA BUTTER,K49155WL9Y,1,1
ASPARTAME ACESULFAME,IFE6C6BS24,1,1
SODIUM SILICATE,IJF18F77L3,1,1
"LEMON OIL, COLD PRESSED",I9GRO824LL,1,1
ACACIELLA ANGUSTISSIMA BARK,ID3K20OAXF,1,1
MAGNESIUM,I38ZP9992A,1,1
POLYSORBATE 60,CAL22UVI4M,1,1
CUPROUS CHLORIDE,C955P95064,1,1
POLYVINYL ALCOHOL (94000 MW),C1MS7RRZ6L,1,1
PEG-7 LINOLEOYL GLYCERIDES,993L8OB0ER,1,1
ARGININE,94ZLA3W45F,1,1
PIGMENT RED 5,91OZU993LX,1,1
DIMETHYL SULFONE,9H4PO4Z4FT,1,1
Benzalkonium Chloride,F5UM2KM3W7,1,1
GELATIN TYPE B BOVINE (150 BLOOM),F5AJW0ONK4,1,1
SILICA DIMETHYL SILYLATE,EU2PSP0G0W,1,1
BORAGE OIL,F8XAG1755S,1,1
C13-14 ISOPARAFFIN,E4F12ROE70,1,1
PRUNUS SEROTINA (WILD CHERRY) BARK,5D48E975HA,1,1
HYDROGENATED OLIVE OIL,53839415GI,1,1
CARBOMER INTERPOLYMER TYPE A (55000 CPS),59TL3WG5CO,1,1
ARNICA MONTANA FLOWER,OZ0E5Y15PZ,1,1
OPADRY II 32K580000 WHITE,OQ25C9K54Z,1,1
POLAWAX POLYSORBATE,Q504PL8E0V,1,1
TRICETIN,5627PY99ZO,1,1
PENTYLENE GLYCOL,50C1307PZG,1,1
OCTENYLSUCCINIC ANHYDRIDE,4YWS14FAXH,1,1
"AMYLOPECTIN, UNSPECIFIED SOURCE",4XO4QFV777,1,1
D&C BLACK NO. 2,4XYU5U00C4,1,1
Polyvinyl Alcohol (130000 MW),660SZ0AKDA,1,1
WATER O-15,63M8RYN44N,1,1
CERIC OXIDE,619G5K328Y,1,1
MAGNESIUM TARTRATE,6GB0J700TG,1,1
METHYL DIISOPROPYL PROPIONAMIDE,6QOP5A9489,1,1
ETHYL MENTHANE CARBOXAMIDE,6S7S02945H,1,1
CHONDROITIN SULFATE (BOVINE),6IC1M3OG5Z,1,1
TRICAPRILIN,6P92858988,1,1
CALCIUM CHLORIDE,M4I0D6VV5M,1,1
MOLASSES,LSU3YX0KZO,1,1
HEXYLENE GLYCOL,KEH0A3F75J,1,1
"CAPRYLOCAPROYL POLYOXYLGLYCERIDES, UNSPECIFIED",MJ9J2BSO5V,1,1
SODIUM LAURYL FUMARATE,616H2AC4VH,1,1
ETHYLCELLULOSE (4 MPA.S),KC5472WRJK,1,1
SUGARCANE,81H2R5AOH3,1,1
GOLD,79Y1949PYO,1,1
Bergamot Oil,39W1PKE3JI,1,1
METHACRYLATE/METHOXY PEG-10 MALEATE/STYRENE COPOLYMER,39DK5WQ2PR,1,1
SUNFLOWER SEED OIL GLYCERETH-8 ESTERS,358X17CAT0,1,1
Amaranth,37RBV3X49K,1,1
GLYCERYL MONO- AND DICAPRYLATE,34966F76M6,1,1
CETYL ACETATE,4Q43814HXS,1,1
HISTIDINE,4QD397987E,1,1
PEG-32 STEARATE,33GX5WQC0M,1,1
STEARETH-100,4OH5W9UM87,1,1
GLYCERYL MONOLINOLEATE,4763AXI84L,1,1
COW MILK FAT,463JZS0XJ3,1,1
INDIAN FRANKINCENSE,4PW41QCO2M,1,1
SILICON NITRIDE,QHB8T06IDK,1,1
SUNFLOWER OIL,3W1JG795YI,1,1
ADVANTAME,3ZA6810AWX,1,1
MAGNESIUM SALICYLATE,41728CY7UX,1,1
GLATIRAMER ACETATE,5M691HL4BO,1,1
COCAMIDOPROPYL BETAINE,5OCF3O11KX,1,1
BUTETH-3,OC116GRO69,1,1
PROPYLENE GLYCOL DICAPRYLATE/DICAPRATE,O4446S9CRA,1,1
AMMONIUM ALGINATE,Q9QKJ39Q3X,1,1
PEG-10 COCAMINE,2F9J4Q575K,1,1
BORIC ACID,R57ZHV85D4,1,1
SODIUM STARCH GLYCOLATE TYPE B,SP4S77AHO6,1,1
"MENTHYL LACTATE, (-)-",2BF9E65L7I,1,1
POTASSIUM CATION,295O53K152,1,1
HYDROXYMETHYL CELLULOSE,273FM27VK1,1,1
Polacrilin,RCZ785HI7S,1,1
KOLLIDON SR,S34RY76LK6,1,1
PROPYLENE GLYCOL MONOCAPRYLATE,RT9P9S09QI,1,1
PROPYLENE GLYCOL MONO- AND DICAPRYLATE,QJL3I5WV4F,1,1
SUCROSE PALMITATE,3OSQ643ZK5,1,1
ANISE,21C2F5E8RE,1,1
BRILLANT BLUE,1Y6J4O88C8,1,1
PIPERAZINE,1RTM4PAL0V,1,1
ILEX PARAGUARIENSIS LEAF,1Q953B4O4F,1,1
THREONINE,2ZD004190S,1,1
SODIUM COPPER CHLOROPHYLLIN,1D276TYV9O,1,1
GLUCOSAMINE SULFATE,1FW7WLR731,1,1
SOUR CHERRY,1L29G6428X,1,1
PALMITIC ACID,2V16EO95H1,1,1
EUCALYPTUS OIL,2R04ONI662,1,1
CITRAL,T7EU0O9VPP,1,1
GLYCINE HYDROCHLORIDE,225ZLC74HX,1,1
Magnesium Aluminum Silicate Type Ia,SUS08ZOA9S,1,1
STEARIC ACID D7,T3B081197X,1,1
AMMONIUM SULFATE,SU46BAM238,1,1
DIBUTYL PHTHALATE,2286E5R2KE,1,1
CALCIUM ACETATE,Y882YXF34X,1,1
HYDRATED SILICA,Y6O7T4G8P9,1,1
"LIME OIL, COLD PRESSED",UZH29XGA8G,1,1
HYMETELLOSE (4150 MPA.S),UVP539BB9Q,1,1
OPADRY YS-1-17274A BEIGE,UP4CT4IW2C,1,1
DIMETHICONE 410,TYU5GP6XGE,1,1
"Propylene Glycol 1,2-Distearate",T65PN3O37H,1,1
ACAI OIL,Z0W6766A2W,1,1
CROSCARMELLOSE,029TFK992N,1,1
SUCROSE LAURATE,05Q7CD0E49,1,1
POLOXAMER 181,09Y8E6164A,1,1
PEG-5 OLEATE,0240V77G50,1,1
AMMONIUM CHLORIDE,01Q9PC255D,1,1
LAURETH-7,Z95S6G8201,1,1
PPG-20 METHYL GLUCOSE ETHER DISTEARATE,0057334FAB,1,1
HYDROXYETHYL CELLULOSE (4000 MPA.S AT 1%),ZYD53NBL45,1,1
