excipient_names,hpe_monograph,hpe_page,match_method,Emulsifying agent,Antimicrobial preservative,Tablet and capsule diluent,Tablet binder,Stabilizing agent,Solvent,Suspending agent,Coating agent,Viscosity-increasing agent,Emollient,Sweetening agent,Therapeutic agent,Solubilizing agent,Antioxidant,Buffering agent,Flavoring agent,Thickening agent,Plasticizer,Tablet and capsule lubricant,Adsorbent,Oleaginous vehicle,Alkalizing agent,Antiseptic,Disinfectant,Film-forming agent,Sustained-release agent,Wetting agent,Emulsion stabilizer,Humectant,Tablet and capsule disintegrant,Acidifying agent,Aerosol propellant,Skin penetrant,Stiffening agent,Controlled-release agent,Lubricant,Ointment base,Anticaking agent,Diluent,Dissolution enhancer,Gelling agent,Glidant,Sequestering agent,Tablet disintegrant,Dispersing agent,Flavor enhancer,Granulation aid,Opacifier,Tablet filler,Nonionic surfactant,Tonicity agent,Bioadhesive material,Chelating agent,Disintegrant,Tablet diluent,Acidulant,Biodegradable material,Extended-release agent,Mucoadhesive,Penetration agent,Release-modifying agent,Tablet and capsule filler,Anionic surfactant,Antifoaming agent,Cationic surfactant,Colorant,Complexing agent,Dietary supplement,Directly compressible tablet excipient,Dry powder inhaler carrier,Penetration enhancer,Suppository base,Surfactant,Taste-masking agent,Vaccine adjuvant,Water-absorbing agent,Air displacement,Alcohol denaturant,Astringent,Binding agent,Freeze-drying agent,Lyophilization aid,Modified-release agent,Thermal stabilizer,Water-repelling agent,Absorption enhancer,Antacid,Antiadherent,Bioabsorbable material,Biocompatibility enhancer,Biocompatible material,Bittering agent,Bulking agent,Color adjuvant,Color dispersant,Compression aid,Confectionery base,Cooling agent,Cosolvent,Crosslinking agent,Desiccant,Detergent,Diagnostic aid,Encapsulating agent,Enteric coating agent,Esterifying agent,Fecal softener,Foam stabilizer,Foaming agent,Food additive,Gel base,Matrix-forming agent,Medicated confectionary base,Membrane-forming agent,Organic base,Osmotic agent,Pigment,Polishing agent,Preservative,Rheology modifier,Solubility enhancing agent,Sucrose crystallization modifier,Tablet lubricant,Transdermal delivery component,Viscosity-controlling agent,Water-miscible cosolvent
MAGNESIUM STEARATE,Magnesium Stearate,404,exact,,,,,,,,,,,,,,,,,,,1,,,,,,,,,,,,,,,,,,,,,,,,,,,,,,,,,,,,,,,,,,,,,,,,,,,,,,,,,,,,,,,,,,,,,,,,,,,,,,,,,,,,,,,,,,,,,,,,,,,,,,,,,,,
"CELLULOSE, MICROCRYSTALLINE, Cellulose, Microcrystalline, MICROCRYSTALLINE CELLULOSE, Microcrystalline Cellulose, Microcrystalline cellulose, cellulose, microcrystalline, microcrystalline cellulose","Cellulose, Microcrystalline",129,exact,,,1,,,,1,,,,,,,,,,,,,1,,,,,,,,,,,,,,,,,,,,,,,,1,,,,,,,,,,,,,,,,,,,,,,,,,,,,,,,,,,,,,,,,,,,,,,,,,,,,,,,,,,,,,,,,,,,,,,,,,,,,,,,,,,
SILICON DIOXIDE,Colloidal Silicon Dioxide,185,NOT IN HPE,,,,,,,1,,1,,,,,,,,,,,,,,,,,,,,,,,,,,,,,1,,,,1,,,,,,,,,,,,,,,,,,,,,,,,,,,,,,,,,,,,,,,,,,,,,,,,,,,,,,,,,,,,,,,,,,,,,,,,,,,,,,,,,,,,
"STARCH, CORN, STARCH, PREGELATINIZED CORN, Starch, Corn, Starch, Pregelatinized Corn, Starch, corn, ZEA MAYS (CORN) STARCH, starch, corn",Corn Starch and Pregelatinized Starch ,200,exact,,,1,,,,,,,,,,,,,,,,,,,,,,,,,,,,,,,,,,,,,,,,,,,,,,,,,,,1,,,,,,,,1,,,,,,,,,,,,,,,,,,1,,,,,,,,,,,,,,,,1,,,,,,,,,,,,,,,,,,,,,,,,,,,,,,
LACTOSE MONOHYDRATE,"Lactose, Monohydrate",364,exact,,,1,1,,,,,,,,,,,,,,,,,,,,,,,,,,,,,,,,,,,,,,,,,,,,,,,,,,,,,,,,,,1,,,,,,,,1,,,,,,,,,,,,1,,,,,,,,,,,,,,,,,,,,,,,,,,,,,,,,,,,,,,,,,,,,
TALC,Talc,728,exact,,,1,,,,,,,,,,,,,,,,1,,,,,,,,,,,,,,,,,,,1,,,,1,,,,,,,,,,,,,,,,,,,,,,,,,,,,,,,,,,,,,,,,,,,,,,,,,,,,,,,,,,,,,,,,,,,,,,,,,,,,,,,,,,,,
"HYDROXYPROPYL METHYLCELLULOSE, HYPROMELLOSE, HYPROMELLOSE, UNSPECIFIED, HYPROMELLOSES, Hypromellose, Unspecified, Hypromellose, unspecified, Hypromelloses, hypromellose, hypromellose, unspecified, hypromelloses",Hypromellose,326,exact,1,,,1,1,,1,1,1,,,,1,,,,1,,,,,,,,1,1,,1,,,,,,,1,,,,,1,,,,,1,,1,,,,,1,,,,,,1,1,,1,,,,,,,,,,,,,,,,,,,,,,1,,,,,,,,,,,,,,,,,,,,,,,,,,1,,,,,,,,,,,,,,,,,
"CROSCARMELLOSE SODIUM, Croscarmellose Sodium, Croscarmellose sodium, croscarmellose sodium",Croscarmellose Sodium,206,exact,,,,,,,,,,,,,,,,,,,,,,,,,,,,,,1,,,,,,,,,,,,,,,,,,,,,,,,,,,,,,,,,,,,,,,,,,,,,,,,,,,,,,,,,,,,,,,,,,,,,,,,,,,,,,,,,,,,,,,,,,,,,,,,
"GELATIN, GELATIN, UNSPECIFIED, Gelatin, Gelatin, Unspecified, Gelatin, unspecified, gelatin, gelatin, unspecified",Gelatin,278,exact,,,,1,,,1,1,1,,,,,,,,,,,,,,,,1,,,,,,,,,,,,,,,,1,,,,,,,,,,,,,,,,,,,,,,,,,,,,,,,,,,,,,,,,,,,,,,,,,,,,,,,,,,,,,,,,,,,,,,,,,,,,,,,,,,,,,
SODIUM LAURYL SULFATE,Sodium Lauryl Sulfate,651,exact,1,,,,,,,,,,,,,,,,,,1,,,,,,,,1,,,,,,1,,,,,,,,,,,,,,,,,,,,,,,,,,,,,,1,,,,,,,,,,,,,,,,,,,,,,,,,,,,,,,,,,,,,,,1,,,,,,,,,,,,,,,,,,,,,,,,
SODIUM STARCH GLYCOLATE TYPE A POTATO,Sodium Starch Glycolate,663,fuzzy,,,,,,,,,,,,,,,,,,,,,,,,,,,,,,,,,,,,,,,,,,,,,,,,,,,,,,,,,,,,,,,,,,,,,,,,,,,,,,,,,,,,,,,,,,,,,,,,,,,,,,,,,,,,,,,,,,,,,,,,,,,,,,
"POLYETHYLENE GLYCOL, POLYETHYLENE GLYCOL, UNSPECIFIED, POLYETHYLENE GLYCOLS, POLYETHYLENE GLYCOLs, Polyethylene Glycol, Polyethylene Glycol, Unspecified, Polyethylene Glycols, Polyethylene glycol, unspecified, polyethylene glycol, polyethylene glycol, unspecified, polyethylene glycols",Polyethylene Glycol,517,exact,,,,,,1,,,,,,,,,,,,1,1,,,,,,,,,,,,,,,,,,1,,,,,,,,,,,,,,,,,,,,,,,,,,,,,,,,,,,1,,,,,,,,,,,,,,,,,,,,,,,,,,,,,,,,,,,,,,,,,,,,,,,,,,,,,,
PROPYLENE GLYCOL,Propylene Glycol,592,exact,,1,,,1,1,,,,,,,,,,,,1,,,,,,1,,,,,1,,,,,,,,,,,,,,,,,,,,,,,,,,,,,,,,,,,,,,,,,,,,,,,,,,,,,,,,,,,,,,,,,,,,,,,,,,,,,,,,,,,,,,,,,,,,,,,,,1
"POVIDONE, POVIDONE, UNSPECIFIED, POVIDONES, PVP, Povidone, Povidone, Unspecified, Povidones, povidone, povidone, unspecified, povidones",Povidone,581,exact,,,,1,,,1,,,,,,,,,,,,,,,,,,,,,,,,,,,,,,,,,1,,,,,,,,,,,,,,1,,,,,,,,,,,,,,,,,,,,,,,,,,,,,,,,,,,,,,,,,,,,,,,,,,,,,,,,,,,,,,,,,,,,,,,,
SHELLAC,Shellac,616,exact,,,,,,,,1,,,,,,,,,,,,,,,,,1,,,,,,,,,,,,,,,,,,,,,,,,,,,,,,,,,,,,,,,,,,,,,,,,,,,,,,,,,,1,,,,,,,,,,,,,,,,,,,,,1,,,,,,,,1,,,,,,,,,,,,,,
WATER,Water,766,exact,,,,,,1,,,,,,,,,,,,,,,,,,,,,,,,,,,,,,,,,,,,,,,,,,,,,,,,,,,,,,,,,,,,,,,,,,,,,,,,,,,,,,,,,,,,,,,,,,,,,,,,,,,,,,,,,,,,,,,,,,,,,,,,
ANHYDROUS LACTOSE,"Lactose, Anhydrous",359,exact,,,1,,,,,,,,,,,,,,,,,,,,,,,,,,,,,,,,,,,,,,,,,,,,,,,,,,,,,,,,,,,1,,,,,,,1,1,,,,,,,,,,,,1,,,,,,,,,,,,,,,,,,,,,,,,,,,,,,,,,,,,,,,,,,,,
CROSPOVIDONE,Crospovidone,208,exact,,,,,,,,,,,,,,,,,,,,,,,,,,,,,,,,,,,,,,,,,,,,1,,,,,,,,,,,,,,,,,,,,,,,,,,,,,,,,,,,,,,,,,,,,,,,,,,,,,,,,,,,,,,,,,,,,,,,,,,,,,,,,,,
"POLYVINYL ALCOHOL, POLYVINYL ALCOHOL, UNSPECIFIED, POLYVINYL ALCOHOl, Polyvinyl Alcohol, Polyvinyl Alcohol, Unspecified, Polyvinyl Alcohol, unspecified, Polyvinyl alcohol, unspecified, polyvinyl alcohol, polyvinyl alcohol, unspecified",Polyvinyl Alcohol,564,exact,,,,,1,,,1,1,,,,,,,,,,,,,,,,,,,,,,,,,,,1,,,,,,,,,,,,,,,,,,,,,,,,,,,,,,,,,,,,,,,,,,,,,,,,,,,,,,,,,,,,,,,,,,,,,,,,,,,,,,,,,,,,,,,,,,
"POVIDONE K30, Povidone K30, Povidone k30, povidone K30, povidone k30",Povidone,581,grade_stripped,,,,1,,,1,,,,,,,,,,,,,,,,,,,,,,,,,,,,,,,,,1,,,,,,,,,,,,,,1,,,,,,,,,,,,,,,,,,,,,,,,,,,,,,,,,,,,,,,,,,,,,,,,,,,,,,,,,,,,,,,,,,,,,,,,
MANNITOL,Mannitol,424,exact,,,1,,,,,,,,1,1,,,,,,1,,,,,,,,,,,,,,,,,,,,,1,,,,,,,,,,,,1,,,,,,,,,,,,,,,,,,,,,,,,,,,,,,,,,,,,,,,,,,,,,,,,,,,,,,,,,,,,,,,,,,,,,,,,,,,
STEARIC ACID,Stearic Acid,697,exact,1,,,,,,,,,,,,1,,,,,,1,,,,,,,,,,,,,,,,,,,,,,,,,,,,,,,,,,,,,,,,,,,,,,,,,,,,,,,,,,,,,,,,,,,,,,,,,,,,,,,,,,,,,,,,,,,,,,,,,,,,,,,,,,,
SUCROSE,Sucrose,703,exact,,,1,1,,,1,1,1,,1,1,,,,,,,,,,,,,,,,,,,,,,,,,,,,,,,,,,,1,,1,,,,,,,,,,,,,,,,,,,,,,,,,,,,,,,,,,,,,,,,,,,,,,,,1,,,,,,,,,,,,,,,,,,,,,,,,,,,,,
"PEG-8, POLYETHYLENE GLYCOL  400, POLYETHYLENE GLYCOL 400, Polyethylene Glycol 400, Polyethylene glycol 400, polyethylene glycol 400",Polyethylene Glycol,517,grade_stripped,,,,,,1,,,,,,,,,,,,1,1,,,,,,,,,,,,,,,,,,1,,,,,,,,,,,,,,,,,,,,,,,,,,,,,,,,,,,1,,,,,,,,,,,,,,,,,,,,,,,,,,,,,,,,,,,,,,,,,,,,,,,,,,,,,,
"HYPROMELLOSE 2910 (6 CPS), HYPROMELLOSE 2910 (6 MPA.S), Hypromellose 2910 (6 MPA.S), Hypromellose 2910 (6 Mpa.S), Hypromellose 2910 (6 Mpa.s), hypromellose 2910 (6 MPA.S), hypromellose 2910 (6 cps)",Hypromellose,326,grade_stripped,1,,,1,1,,1,1,1,,,,1,,,,1,,,,,,,,1,1,,1,,,,,,,1,,,,,1,,,,,1,,1,,,,,1,,,,,,1,1,,1,,,,,,,,,,,,,,,,,,,,,,1,,,,,,,,,,,,,,,,,,,,,,,,,,1,,,,,,,,,,,,,,,,,
"HYDROXYPROPYL CELLULOSE, HYDROXYPROPYL CELLULOSE (1200000 MW), HYDROXYPROPYL CELLULOSE (1600000 WAMW), HYDROXYPROPYL CELLULOSE (TYPE H), Hydroxypropyl Cellulose, Hydroxypropyl Cellulose (1600000 WAMW), Hydroxypropyl Cellulose (type H), Hydroxypropyl cellulose, hydroxypropyl cellulose, hydroxypropyl cellulose (1600000 WAMW), hydroxypropyl cellulose (type H)",Hydroxypropyl Cellulose,317,exact,1,,,1,1,,1,1,1,,,,,,,,1,,,,,,,,,,,,,,,,,,,,,,,,,,,,,,,,,,,,,,,,,,,,,,,,,,,,,,,,,,,,,,,,,,,,,,,,,,,,,,,,,,,,,,,,,,,,,,,,,,,,,,,,,,,,,
CROSPOVIDONE,Crospovidone,208,exact,,,,,,,,,,,,,,,,,,,,,,,,,,,,,,,,,,,,,,,,,,,,1,,,,,,,,,,,,,,,,,,,,,,,,,,,,,,,,,,,,,,,,,,,,,,,,,,,,,,,,,,,,,,,,,,,,,,,,,,,,,,,,,,
TRIACETIN,Triacetin,748,exact,,,,,,1,,,,,,,,,,,,1,,,,,,,,,,,1,,,,,,,,,,,,,,,,,,,,,,,,,,,,,,,,,,,,,,,,,,,,,,,,,,,,,,,,,,,,,,,,,,,,,,,,,,,,,,,,,,,,,,,,,,,,,,,,,
AMMONIA,Ammonia Solution,39,NOT IN HPE,,,,,,1,,,,,,,,,,,,,,,,1,,,,,,,,,,,,,,,,,,,,,,,,,,,,,,,,,,,,,,,,,,,,,,,,,,,,,,,,,,,,,,,,,,,,,,,,,,,,,,,,,,,,,,,,,,,,,,,,,,,,,,,,
POTASSIUM HYDROXIDE,Potassium Hydroxide,576,exact,,,,,,,,,,,,,,,,,,,,,,1,,,,,,,,,,,,,,,,,,,,,,,,,,,,,,,,,,,,,,,,,,,,,,,,,,,,,,,,,,,,,,,,,,,,,,,,,,,,,,,,,,,,,,,,,,,,,,,,,,,,,,,,
GLYCERIN,Glycerin,283,exact,,1,,,,1,,,,1,1,,,,,,,1,,,,,,,,,,,1,,,,,,,,,,,,,,,,,,,,,,1,,,,,,,,,,,,,,,,,,,,,,,,,,,,,,,,,,,,,,,,,,,,,,,,1,,,,,,,,,,,,,,,,,,,,,,,,,,,
ALCOHOL,Alcohol,17,exact,,1,,,,1,,,,,,,,,,,,,,,,,,1,,,,,,,,,1,,,,,,,,,,,,,,,,,,,,,,,,,,,,,,,,,,,,,,,,,,,,,,,,,,,,,,,,,,,,,,,,,,,,,,,,,,,,,,,,,,,,,,,,,,,,,
TRIETHYL CITRATE,Triethyl Citrate,756,exact,,,,,,1,,,,,,,,,,,,1,,,,,,,,,,,,,,,,,,,,,,,,,,,,,,,,,,,,,,,,,,,,,,,,,,,,,,,,,,,,,,,,,,,,,,,,,,,,,,,,,,,,,,,,,,,,,,,,,,,,,,,,,,,,
METHYLPARABEN,Methylparaben,441,exact,,1,,,,,,,,,,,,,,,,,,,,,,,,,,,,,,,,,,,,,,,,,,,,,,,,,,,,,,,,,,,,,,,,,,,,,,,,,,,,,,,,,,,,,,,,,,,,,,,,,,,,,,,,,,,,,,,,,,,,,,,,,,,,
ISOPROPYL ALCOHOL,Isopropyl Alcohol,346,exact,,,,,,1,,,,,,,,,,,,,,,,,,1,,,,,,,,,,,,,,,,,,,,,,,,,,,,,,,,,,,,,,,,,,,,,,,,,,,,,,,,,,,,,,,,,,,,,,,,,,,,,,,,,,,,,,,,,,,,,,,,,,,,,,
BUTYL ALCOHOL,Alcohol,17,NOT in HPE,,,,,,1,,,,,,,,,,,,,,,,,,,,,,,,,,,,,,,,,,,,,,,,,,,,,,,,,,,,,,,,,,,,,,,,,,,,,,,,,,,,,,,,,,,,,,,,,,,,,1,,,,,,,,,,,,,,,,,,,,,,,,,,,
"PEG-75, POLYETHYLENE GLYCOL 3350, Polyethylene Glycol 3350, Polyethylene glycol 3350, polyethylene glycol 3350",Polyethylene Glycol,517,grade_stripped,,,,,,1,,,,,,,,,,,,1,1,,,,,,,,,,,,,,,,,,1,,,,,,,,,,,,,,,,,,,,,,,,,,,,,,,,,,,1,,,,,,,,,,,,,,,,,,,,,,,,,,,,,,,,,,,,,,,,,,,,,,,,,,,,,,
ALUMINUM OXIDE,Aluminum Oxide,37,exact,,,,,,,,,,,,,,,,,,,,1,,,,,,,,,,,,,,,,,,,,,,,,,1,,,,,,,,,,,,,,,,,,,,,,,,,,,,,,,,,,,,,,,,,,,,,,,,,,,,,,,,,,,,,,,,,,,,,,,,,,,,,,,,,
SODIUM BENZOATE,Sodium Benzoate,627,exact,,1,,,,,,,,,,,,,,,,,1,,,,,,,,,,,,,,,,,,,,,,,,,,,,,,,,,,,,,,,,,,,,,,,,,,,,,,,,,,,,,,,,,,,,,,,,,,,,,,,,,,,,,,,,,,,,,,,,,,,,,,,,,,,
"POLYETHYLENE GLYCOL 8000, Polyethylene Glycol 8000, Polyethylene glycol 8000, polyethylene glycol 8000",Polyethylene Glycol,517,grade_stripped,,,,,,1,,,,,,,,,,,,1,1,,,,,,,,,,,,,,,,,,1,,,,,,,,,,,,,,,,,,,,,,,,,,,,,,,,,,,1,,,,,,,,,,,,,,,,,,,,,,,,,,,,,,,,,,,,,,,,,,,,,,,,,,,,,,
"HYPROMELLOSE 2910 (5 CPS), HYPROMELLOSE 2910 (5 MPA.S), Hypromellose 2910 (5 MPA.S), Hypromellose 2910 (5 Mpa.S), hypromellose 2910 (5 MPA.S)",Hypromellose,326,grade_stripped,1,,,1,1,,1,1,1,,,,1,,,,1,,,,,,,,1,1,,1,,,,,,,1,,,,,1,,,,,1,,1,,,,,1,,,,,,1,1,,1,,,,,,,,,,,,,,,,,,,,,,1,,,,,,,,,,,,,,,,,,,,,,,,,,1,,,,,,,,,,,,,,,,,
"LACTOSE, UNSPECIFIED FORM","Lactose, Anhydrous",359,NOT in HPE,,,1,,,,,,,,,,,,,,,,,,,,,,,,,,,,,,,,,,,,,,,,,,,,,,,,,,,,,,,,,,,1,,,,,,,,,,,,,,,,,,,,1,,,,,,,,,,,,,,,,,,,,,,,,,,,,,,,,,,,,,,,,,,,,
ANHYDROUS DIBASIC CALCIUM PHOSPHATE,"Calcium Phosphate, Dibasic Anhydrous",94,exact,,,1,,,,,,,,,,,,,,,,,,,,,,,,,,,,,,,,,,,,,,,,,,,,,,,,,,,,,,,,,,,,,,,,,,,,,,,,,,,,,,,,,,,,,,,,,,,,,,,,,,,,,,,,,,,,,,,,,,,,,,,,,,,
PROPYLPARABEN,Propylparaben,596,exact,,1,,,,,,,,,,,,,,,,,,,,,,,,,,,,,,,,,,,,,,,,,,,,,,,,,,,,,,,,,,,,,,,,,,,,,,,,,,,,,,,,,,,,,,,,,,,,,,,,,,,,,,,,,,,,,,,,,,,,,,,,,,,,
SORBITOL,Sorbitol,679,exact,,,1,,1,,,,,,1,,,,,,,1,,,,,,,,,,,1,,,,,,,,,,,,,,,,,,,,,,,,,,,,,,,,,,,,,,,,,,,,,,,,,,,,,,,,,,,,,,,,,,,,,,,,,,,,,,,,,,,,,,,,,,,,,,,,,
POLYDEXTROSE,Polydextrose,513,exact,,,1,1,,,,1,1,,,,,,,,,,,,,,,,,,,,1,,,,,,,,,,1,,,,,,,,1,,1,,,,,,,,,,,,,,,,,,,,,,,,,,,,,,,,,,,,,,,,,,,,,,,,,,,,,,,,,,,,,,,,,,,,,,,,,,,,,
SODIUM STEARYL FUMARATE,Sodium Stearyl Fumarate,667,exact,,,,,,,,,,,,,,,,,,,1,,,,,,,,,,,,,,,,,,,,,,,,,,,,,,,,,,,,,,,,,,,,,,,,,,,,,,,,,,,,,,,,,,,,,,,,,,,,,,,,,,,,,,,,,,,,,,,,,,,,,,,,,,,
"CARNAUBA WAX, COPERNICIA CERIFERA (CARNAUBA) WAX, Carnauba Wax, Carnauba wax, carnauba wax","Wax, Carnauba",772,exact,,,,,,,,1,,,,,,,,,,,,,,,,,,,,,,,,,,,,,,,,,,,,,,,,,,,,,,,,,,,,,,,,,,,,,,,,,,,,,,,,,,,,,,,,,,,,,,,,,,,,,,,,,,,,,,,,,,,,,,,,,,,,,,
"HYPROMELLOSE 2910 (3 CPS), HYPROMELLOSE 2910 (3 MPA.S), Hypromellose 2910 (3 MPA.S), Hypromellose 2910 (3 Mpa.S), hypromellose 2910 (3 cps)",Hypromellose,326,grade_stripped,1,,,1,1,,1,1,1,,,,1,,,,1,,,,,,,,1,1,,1,,,,,,,1,,,,,1,,,,,1,,1,,,,,1,,,,,,1,1,,1,,,,,,,,,,,,,,,,,,,,,,1,,,,,,,,,,,,,,,,,,,,,,,,,,1,,,,,,,,,,,,,,,,,
DIBASIC CALCIUM PHOSPHATE DIHYDRATE,"Calcium Phosphate, Dibasic Dihydrate",96,exact,,,1,,,,,,,,,,,,,,,,,,,,,,,,,,,,,,,,,,,,,,,,,,,,,,,,,,,,,,,,,,,,,,,,,,,,,,,,,,,,,,,,,,,,,,,,,,,,,,,,,,,,,,,,,,,,,,,,,,,,,,,,,,,
"LECITHIN, SOYBEAN, Lecithin, Soybean, SOYBEAN LECITHIN, Soybean Lecithin, lecithin, soybean",Lecithin,385,exact,1,,,,,,,,,1,,,1,,,,,,,,,,,,,,,,,,,,,,,,,,,,,,,,,,,,,,,,,,,,,,,,,,,,,,,,,,,,,,,,,,,,,,,,,,,,,,,,,,,,,,,,,,,,,,,,,,,,,,,,,,,,,,,,,
SUCRALOSE,Sucralose,701,exact,,,,,,,,,,,1,,,,,,,,,,,,,,,,,,,,,,,,,,,,,,,,,,,,,,,,,,,,,,,,,,,,,,,,,,,,,,,,,,,,,,,,,,,,,,,,,,,,,,,,,,,,,,,,,,,,,,,,,,,,,,,,,,,
XANTHAN GUM,Xanthan Gum,782,exact,,,,,1,,1,,1,,,,,,,,,,,,,,,,,1,,,,,,,,,,,,,,,1,,,,,,,,,,,,,,,,,,,,,,,,,,,,,,,,,,,,,,,,,,,,,,,,,,,,,,,,,,,,,,,,,,,,,,,,,,,,,,,,,,,,,
"HYDROXYPROPYL CELLULOSE, UNSPECIFIED, HYDROXYPROPYLCELLULOSE, Hydroxypropyl Cellulose, Unspecified, Hydroxypropyl cellulose, Unspecified, hydroxypropyl cellulose, unspecified",Hydroxypropyl Cellulose,317,exact,1,,,1,1,,1,1,1,,,,,,,,1,,,,,,,,,,,,,,,,,,,,,,,,,,,,,,,,,,,,,,,,,,,,,,,,,,,,,,,,,,,,,,,,,,,,,,,,,,,,,,,,,,,,,,,,,,,,,,,,,,,,,,,,,,,,,
SACCHARIN SODIUM,Saccharin Sodium,608,exact,,,,,,,,,,,1,,,,,,,,,,,,,,,,,,,,,,,,,,,,,,,,,,,,,,,,,,,,,,,,,,,,,,,,,,,,,,,,,,,,,,,,,,,,,,,,,,,,,,,,,,,,,,,,,,,,,,,,,,,,,,,,,,,
Sodium Hydroxide,Sodium Hydroxide,648,exact,,,,,,,,,,,,,,,1,,,,,,,1,,,,,,,,,,,,,,,,,,,,,,,,,,,,,,,,,,,,,,,,,,,,,,,,,,,,,,,,,,,,,,,,,,,,,,,,,,,,,,,,,,,,,,,,,,,,,,,,,,,,,,,,
CITRIC ACID MONOHYDRATE,Citric Acid Monohydrate,181,exact,,,,,,,,,,,,,,1,1,,,,,,,,,,,,,,,,1,,,,,,,,,,,,,,,1,,,,,,,1,,,,,,,,,,,,,,,,,,,,,,,,,,,,,,,,,,,,,,,,,,,,,,,,,,,,,,,,,,,,,,,,,,1,,,,,,,
"PEG-135, POLYETHYLENE GLYCOL 6000, Polyethylene Glycol 6000",Polyethylene Glycol,517,grade_stripped,,,,,,1,,,,,,,,,,,,1,1,,,,,,,,,,,,,,,,,,1,,,,,,,,,,,,,,,,,,,,,,,,,,,,,,,,,,,1,,,,,,,,,,,,,,,,,,,,,,,,,,,,,,,,,,,,,,,,,,,,,,,,,,,,,,
"ETHYLCELLULOSE, ETHYLCELLULOSE, UNSPECIFIED, ETHYLCELLULOSES, Ethylcelluloses, ethylcellulose, unspecified, ethylcelluloses",Ethylcellulose,262,exact,,,,1,,,,1,1,,,,,,,1,,,,,,,,,,,,,,,,,,,,,,,,,,,,,,,,,1,,,,,,,,,,,,,,,,,,,,,,,,,,,,,,,,,,,,,,,,,,,,,,,,,,,,,,,,,,,,,,,,,,,,,,,,,,,,,
"HYDROXYPROPYL CELLULOSE, LOW SUBSTITUTED, Hydroxypropyl Cellulose, Low Substituted, LOW-SUBSTITUTED HYDROXYPROPYL CELLULOSE, UNSPECIFIED, hydroxypropyl cellulose, low substituted, low-substituted hydroxypropyl cellulose, unspecified",Hydroxypropyl Cellulose,317,exact,1,,,1,1,,1,1,1,,,,,,,,1,,,,,,,,,,,,,,,,,,,,,,,,,,,,,,,,,,,,,,,,,,,,,,,,,,,,,,,,,,,,,,,,,,,,,,,,,,,,,,,,,,,,,,,,,,,,,,,,,,,,,,,,,,,,,
CARBOXYMETHYLCELLULOSE SODIUM,Carboxymethylcellulose Sodium,118,exact,,,,1,1,,1,1,1,,,,,,,,,,,,,,,,,,,,,1,,,,,,,,,,,,,,,,,,,,,,,,,,,,,,,,,,,,,,,,,,,,,,1,,,,,,,,,,,,,,,,,,,,,,,,,,,,,,,,,,,,,,,,,,,,,,,,,,
MALTODEXTRIN,Maltodextrin,418,exact,,,1,1,,,,1,1,,,,,,,,,,,,,,,,,,,,,,,,,,,,,,,,,,,,,,,,,,,,,,,,,,,,,,,,,,,,,,,,,,,,,,,,,,,,,,,,,,,,,,,,,,,,,,,,,,,,,,,,,,,,,,,,,,,,,
"SODIUM CITRATE, UNSPECIFIED FORM",Sodium Citrate Dihydrate,640,Exact,1,,,,,,,,,,,,,,1,,,,,,,1,,,,,,,,,,,,,,,,,,,,,1,,,,,,,,,,,,,,,,,,,,,,,,,,,,,,,,,,,,,,,,,,,,,,,,,,,,,,,,,,,,,,,,,,,,,,,,,,,,,,,,,,,
"COPOVIDONE, COPOVIDONE K25-31, Copovidone, Copovidone K25-31, copovidone",Copovidone,196,exact,,,,1,,,,,,,,,,,,,,,,,,,,,1,,,,,,,,,,,,,,,,,,,,,,1,,,,,,,,,,,,,,,,,,,,,,,,,,,,,,,,,,,,,,,,,,,,,,,,,,,,,,,,,,,,,,,,,,,,,,,,,,,,,,,
BUTYLATED HYDROXYANISOLE,Butylated Hydroxyanisole,73,exact,,,,,,,,,,,,,,1,,,,,,,,,,,,,,,,,,,,,,,,,,,,,,,,,,,,,,,,,,,,,,,,,,,,,,,,,,,,,,,,,,,,,,,,,,,,,,,,,,,,,,,,,,,,,,,,,,,,,,,,,,,,,,,,
Trisodium Citrate Dihydrate,Sodium Citrate Dihydrate,640,Exact,1,,,,,,,,,,,,,,1,,,,,,,1,,,,,,,,,,,,,,,,,,,,,1,,,,,,,,,,,,,,,,,,,,,,,,,,,,,,,,,,,,,,,,,,,,,,,,,,,,,,,,,,,,,,,,,,,,,,,,,,,,,,,,,,,
"PEG-90, POLYETHYLENE GLYCOL 4000, Polyethylene Glycol 4000, polyethylene glycol 4000",Polyethylene Glycol,517,grade_stripped,,,,,,1,,,,,,,,,,,,1,1,,,,,,,,,,,,,,,,,,1,,,,,,,,,,,,,,,,,,,,,,,,,,,,,,,,,,,1,,,,,,,,,,,,,,,,,,,,,,,,,,,,,,,,,,,,,,,,,,,,,,,,,,,,,,
DIMETHICONE,Dimethicone,233,exact,,,,,,,,,,1,,,,,,,,,,,,,,,,,,,,,,,,,,,,,,,,,,,,,,,,,,,,,,,,,,,,,,1,,,,,,,,,,,,,,,,,,,,,1,,,,,,,,,,,,,,,,,,,,,,,,,,,,,,,,,,,,,,,,,
"HYPROMELLOSE 2910 (15 CPS), HYPROMELLOSE 2910 (15 MPA.S), Hypromellose 2910 (15 Mpa.S), hypromellose 2910 (15 MPA.S)",Hypromellose,326,grade_stripped,1,,,1,1,,1,1,1,,,,1,,,,1,,,,,,,,1,1,,1,,,,,,,1,,,,,1,,,,,1,,1,,,,,1,,,,,,1,1,,1,,,,,,,,,,,,,,,,,,,,,,1,,,,,,,,,,,,,,,,,,,,,,,,,,1,,,,,,,,,,,,,,,,,
"MICROCRYSTALLINE CELLULOSE 102, Microcrystalline Cellulose 102, Microcrystalline cellulose 102","Cellulose, Microcrystalline",129,grade_stripped,,,1,,,,1,,,,,,,,,,,,,1,,,,,,,,,,,,,,,,,,,,,,,,1,,,,,,,,,,,,,,,,,,,,,,,,,,,,,,,,,,,,,,,,,,,,,,,,,,,,,,,,,,,,,,,,,,,,,,,,,,,,,,,,,,
SODIUM STARCH GLYCOLATE TYPE A,Sodium Starch Glycolate,663,grade_stripped,,,,,,,,,,,,,,,,,,,,,,,,,,,,,,1,,,,,,,,,,,,,,,,,,,,,,,,,,,,,,,,,,,,,,,,,,,,,,,,,,,,,,,,,,,,,,,,,,,,,,,,,,,,,,,,,,,,,,,,,,,,,,,,
"POVIDONE K90, Povidone K90, povidone K90, povidone k90",Povidone,581,grade_stripped,,,,1,,,1,,,,,,,,,,,,,,,,,,,,,,,,,,,,,,,,,1,,,,,,,,,,,,,,1,,,,,,,,,,,,,,,,,,,,,,,,,,,,,,,,,,,,,,,,,,,,,,,,,,,,,,,,,,,,,,,,,,,,,,,,
ASCORBIC ACID,Ascorbic Acid,43,exact,,,,,,,,,,,,1,,1,,,,,,,,,,,,,,,,,,,,,,,,,,,,,,,,,,,,,,,,,,,,,,,,,,,,,,,,,,,,,,,,,,,,,,,,,,,,,,,,,,,,,,,,,,,,,,,,,,,,,,,,,,,,,,,,
CALCIUM STEARATE,Calcium Stearate,103,exact,,,,,,,,,,,,,,,,,,,1,,,,,,,,,,,,,,,,,,,,,,,,,,,,,,,,,,,,,,,,,,,,,,,,,,,,,,,,,,,,,,,,,,,,,,,,,,,,,,,,,,,,,,,,,,,,,,,,,,,,,,,,,,,
EDETATE DISODIUM,Disodium Edetate,242,exact,,,,,,,,,,,,,,,,,,,,,,,,,,,,,,,,,,,,,,,,,,,,,,,,,,,,,1,,,,,,,,,,,,,,,,,,,,,,,,,,,,,,,,,,,,,,,,,,,,,,,,,,,,,,,,,,,,,,,,,,,,,,,,,
SODIUM BICARBONATE,Sodium Bicarbonate,629,exact,,,,,,,,,,,,1,,,,,,,,,,1,,,,,,,,,,,,,,,,,,,,,,,,,,,,,,,,,,,,,,,,,,,,,,,,,,,,,,,,,,,,,,,,,,,,,,,,,,,,,,,,,,,,,,,,,,,,,,,,,,,,,,,,
DOCUSATE SODIUM,Docusate Sodium,244,exact,,,,,,,,,,,,,,,,,,,,,,,,,,,1,,,,,,,,,,,,,,,,,,,,,,,,,,,,,,,,,,,,1,,,,,,,,,,,,,,,,,,,,,,,,,,,,,,,,,,,,,,,,,,,,1,,,,,,,,,,,,,,,,,,,
"MICROCRYSTALLINE CELLULOSE 101, Microcrystalline Cellulose 101, Microcrystalline cellulose 101","Cellulose, Microcrystalline",129,grade_stripped,,,1,,,,1,,,,,,,,,,,,,1,,,,,,,,,,,,,,,,,,,,,,,,1,,,,,,,,,,,,,,,,,,,,,,,,,,,,,,,,,,,,,,,,,,,,,,,,,,,,,,,,,,,,,,,,,,,,,,,,,,,,,,,,,,
"POLOXAMER 188, Poloxamer 188, poloxamer 188",Poloxamer,506,grade_stripped,1,,,,,,,,,,,,1,,,,,,,,,,,,,,1,,,,,,,,,,,,,,,,,,1,,,,,,,,,,,,,,,,,,,,,,,,,,,,,,,,,,,,,,,,,,,,,,,,,,,,,,,,,,,,,,,,,,,,,,,,,,,,,,1,,,
"MEDIUM-CHAIN TRIGLYCERIDES, Medium-Chain Triglycerides",Medium-chain Triglycerides,429,exact,1,,,,,1,1,,,,,1,,,,,,,,,,,,,,,,,,,,,,,,,,,,,,,,,,,,,,,,,,,,,,,,,,,,,,,,,,,,,,,,,,,,,,,,,,,,,,,,,,,,,,,,,,,,,,,,,,,,,,,,,,,,,,,,,,
"ACACIA, Acacia, acacia",Acacia,1,exact,1,,,1,1,,1,,1,,,,,,,,,,,,,,,,,,,,,,,,,,,,,,,,,,,,,,,,,,,,,,,,,,,,,,,,,,,,,,,,,,,,,,,,,,,,,,,,,,,,,,,,,,,,,,,,,,,,,,,,,,,,,,,,,,,,,
SODIUM CHLORIDE,Sodium Chloride,637,exact,,,1,,,,,,,,,,,,,,,,,,,,,,,,,,,,,,,,,,,,,,,,,,,,,,,,1,,,,,,,,,,,,,,,,,,,,,,,,,,,,,,,,,,,,,,,,,,,,,,,,,,,,,,,,,,,,,,,,,,,,,,,,,,,
aspartame,Aspartame,48,exact,,,,,,,,,,,1,,,,,,,,,,,,,,,,,,,,,,,,,,,,,,,,,,,,,,,,,,,,,,,,,,,,,,,,,,,,,,,,,,,,,,,,,,,,,,,,,,,,,,,,,,,,,,,,,,,,,,,,,,,,,,,,,,,
POLACRILIN POTASSIUM,Polacrilin Potassium,504,exact,,,,,,,,,,,,,,,,,,,,,,,,,,,,,,1,,,,,,,,,,,,,,,,,,,,,,,,,,,,,,,,,,,,,,,,,,,,,,,,,,,,,,,,,,,,,,,,,,,,,,,,,,,,,,,,,,,,,,,,,,,,,,,,
"HYDROGENATED COTTONSEED OIL, hydrogenated cottonseed oil","Vegetable Oil, Hydrogenated ",762,Exact,,,,1,,,,,,,,,,,,,,,1,,,,,,,,,,,,,,,,,,,,,,,,,,,,,,,,,,,,,,,,,,,,,,,,,,,,,,,,,,,,,,,,,,,,,,,,,,,,,,,,,,,,,,,,,,,,,,,,,,,,,,,,,,,
BUTYLATED HYDROXYTOLUENE, Butylated Hydroxytoluene,75,exact,,,,,,,,,,,,,,1,,,,,,,,,,,,,,,,,,,,,,,,,,,,,,,,,,,,,,,,,,,,,,,,,,,,,,,,,,,,,,,,,,,,,,,,,,,,,,,,,,,,,,,,,,,,,,,,,,,,,,,,,,,,,,,,
"POVIDONE K25, Povidone K25",Povidone,581,grade_stripped,,,,1,,,1,,,,,,,,,,,,,,,,,,,,,,,,,,,,,,,,,1,,,,,,,,,,,,,,1,,,,,,,,,,,,,,,,,,,,,,,,,,,,,,,,,,,,,,,,,,,,,,,,,,,,,,,,,,,,,,,,,,,,,,,,
.ALPHA.-TOCOPHEROL,Alpha Tocopherol,31,exact,,,,,,,,,,,,1,,1,,,,,,,,,,,,,,,,,,,,,,,,,,,,,,,,,,,,,,,,,,,,,,,,,,,,,,,,,,,,,,,,,,,,,,,,,,,,,,,,,,,,,,,,,,,,,,,,,,,,,,,,,,,,,,,,
HYDROCHLORIC ACID,Hydrochloric Acid,308,exact,,,,,,,,,,,,,,,,,,,,,,,,,,,,,,,1,,,,,,,,,,,,,,,,,,,,,,,,,,,,,,,,,,,,,,,,,,,,,,,,,,,,,,,,,,,,,,,,,,,,,,,,,,,,,,,,,,,,,,,,,,,,,,,
"HYPROMELLOSE 2208 (100 MPA.S), Hypromellose 2208 (100 Mpa.S)",Hypromellose,326,grade_stripped,1,,,1,1,,1,1,1,,,,1,,,,1,,,,,,,,1,1,,1,,,,,,,1,,,,,1,,,,,1,,1,,,,,1,,,,,,1,1,,1,,,,,,,,,,,,,,,,,,,,,,1,,,,,,,,,,,,,,,,,,,,,,,,,,1,,,,,,,,,,,,,,,,,
"SODIUM STARCH GLYCOLATE TYPE A CORN, Sodium Starch Glycolate Type A Corn, sodium starch glycolate type a corn",Sodium Starch Glycolate,663,Exact,,,,,,,,,,,,,,,,,,,,,,,,,,,,,,1,,,,,,,,,,,,,,,,,,,,,,,,,,,,,,,,,,,,,,,,,,,,,,,,,,,,,,,,,,,,,,,,,,,,,,,,,,,,,,,,,,,,,,,,,,,,,,,,
GLYCERYL DIBEHENATE,Glyceryl Behenate,286,exact,,,,1,,,,1,1,,,,,,,,1,,1,,,,,,,,,,,,,,,,,,,,,,,,,,,,,,,,,,,,,,,,,,,,,,,,,,,,,,,,,,,,,,,,,,,,,,,,,,,,,,,,,,,,,,,,,,,,,,,,,,,,,,,,,,,
TARTARIC ACID,Tartaric Acid,731,exact,,,,,,,,,,,,,,,,1,,,,,,,,,,,,,,,1,,,,,,,,,,,,1,,,,,,,,,,,,,,,,,,,,,,,,,,,,,,,,,,,,,,,,,,,,,,,,,,,,,,,,,,,,,,,,,,,,,,,,,,,,,,,,,,,
"POLOXAMER 407, Poloxamer 407, poloxamer 407",Poloxamer,506,grade_stripped,1,,,,,,,,,,,,1,,,,,,,,,,,,,,1,,,,,,,,,,,,,,,,,,1,,,,,,,,,,,,,,,,,,,,,,,,,,,,,,,,,,,,,,,,,,,,,,,,,,,,,,,,,,,,,,,,,,,,,,,,,,,,,,1,,,
SHELLAC,Shellac,616,exact,,,,,,,,1,,,,,,,,,,,,,,,,,1,,,,,,,,,,,,,,,,,,,,,,,,,,,,,,,,,,,,,,,,,,,,,,,,,,,,,,,,,,1,,,,,,,,,,,,,,,,,,,,,1,,,,,,,,1,,,,,,,,,,,,,,
CELLULOSE ACETATE,Cellulose Acetate,141,exact,,,1,,,,,1,,,,,,,,,,,,,,,,,,,,,,,,,,,,,,,,,,,,,,,,,,,,,,,,,,1,,,,,,,,,,,,,,,,,,,,,,,,,,,,,,,,,,,,,,,,,,,,,,,,,,,,,,,,,,,,,,,,,,,,
"HYDROXYPROPYL CELLULOSE (120000 MW), HYDROXYPROPYL CELLULOSE (90000 WAMW), HYDROXYPROPYL CELLULOSE (TYPE L), Hydroxypropyl Cellulose (90000 WAMW), Hydroxypropyl Cellulose (Type L), hydroxypropyl cellulose (90000 wamw)",Hydroxypropyl Cellulose,317,grade_stripped,1,,,1,1,,1,1,1,,,,,,,,1,,,,,,,,,,,,,,,,,,,,,,,,,,,,,,,,,,,,,,,,,,,,,,,,,,,,,,,,,,,,,,,,,,,,,,,,,,,,,,,,,,,,,,,,,,,,,,,,,,,,,,,,,,,,,
"HYDROGENATED CASTOR OIL, hydrogenated castor oil","Castor Oil, Hydrogenated",128,exact,,,,,,,,,,,,,,,,,,,1,,,,,,,,,,,,,,,1,,,,,,,,,,,,,,,,,,,,,,,,1,,,,,,,,,,,,,,,,,,,,,,,,,,,,,,,,,,,,,,,,,,,,,,,,,,,,,,,,,,,,,,,,,,,,
HYPROMELLOSE 2910 (50 MPA.S),Hypromellose,326,grade_stripped,1,,,1,1,,1,1,1,,,,1,,,,1,,,,,,,,1,1,,1,,,,,,,1,,,,,1,,,,,1,,1,,,,,1,,,,,,1,1,,1,,,,,,,,,,,,,,,,,,,,,,1,,,,,,,,,,,,,,,,,,,,,,,,,,1,,,,,,,,,,,,,,,,,
POTASSIUM SORBATE,Potassium Sorbate,579,exact,,1,,,,,,,,,,,,,,,,,,,,,,,,,,,,,,,,,,,,,,,,,,,,,,,,,,,,,,,,,,,,,,,,,,,,,,,,,,,,,,,,,,,,,,,,,,,,,,,,,,,,,,,,,,,,,,,,,,,,,,,,,,,,
MAGNESIUM OXIDE,Magnesium Oxide,400,exact,1,,1,,,,,,,,,,,,,,,,,,,,,,,,,,,,,,,,,,,1,,,,1,,,,,,,,,,,,,,,,,,,,,,,,,,,,,,,,,,,,,,,,,,,,,,,,,,,,,,,,,,,,,,,,,,,,,,,,,,,,,,,,,,,,
DIBUTYL SEBACATE,Dibutyl Sebacate,227,exact,,,,,,,,,,,,,,,,,,1,,,,,,,,,,,,,,,,,,,,,,,,,,,,,,,,,,,,,,,,,,,,,,,,,,,,,,,,,,,,,,,,,,,,,,,,,,,,,,,,,,,,,,,,,,,,,,,,,,,,,,,,,,,,
MEGLUMINE,Meglumine,431,exact,,,,,,,,,,,,,,,,,,,,,,,,,,,,,,,,,,,,,,,,,,,,,,,,,,,,,,,,,,,,,,,,,,,,,,,,,,,,,,,,,,,,,,,,,,,,,,,,,,,,,,,,,,,,,,,,,,,1,,,,,,,,,,,
POWDERED CELLULOSE,"Cellulose, Powdered",136,exact,,,1,,,,1,,,,,,,,,,1,,,1,,,,,,,,,,,,,,,,,,,,,,1,,1,,,,,,,,,,,,,,,,,,,,,,,,,,,,,,,,,,,,,,,,,,,,,,,,,,,,,,,,,,,,,,,,,,,,,,,,,,,,,,,,,,
HYDROXYPROPYL CELLULOSE (110000 WAMW),Hydroxypropyl Cellulose,317,grade_stripped,1,,,1,1,,1,1,1,,,,,,,,1,,,,,,,,,,,,,,,,,,,,,,,,,,,,,,,,,,,,,,,,,,,,,,,,,,,,,,,,,,,,,,,,,,,,,,,,,,,,,,,,,,,,,,,,,,,,,,,,,,,,,,,,,,,,,
SODIUM ALGINATE,Sodium Alginate,622,exact,,,,1,1,,1,,1,,,,,,,,,,,,,,,,,,,,,1,,,,,,,,,,,,,,,,,,,,,,,,,,,,,,,,,,,,,,,,,,,,,,,,,,,,,,,,,,,,,,,,,,,,,,,,,,,,,,,,,,,,,,,,,,,,,,,,
glyceryl monostearate,Glyceryl Monostearate,290,exact,1,,,,1,,,,,1,,,1,,,,,,1,,,,,,,1,,,,,,,,,,,,,,,,,,,,,,,,,,,,,,,,,,,,,,,,,,,,,,,,,,,,,,,,,,,,,,,,,,,,,,,,,,,,,,,,,,,,,,,,,,,,,,,,,,,,
"ETHYLCELLULOSE (10 MPA.S), ethylcellulose (10 MPA.S)",Ethylcellulose,262,grade_stripped,,,,1,,,,1,1,,,,,,,1,,,,,,,,,,,,,,,,,,,,,,,,,,,,,,,,,1,,,,,,,,,,,,,,,,,,,,,,,,,,,,,,,,,,,,,,,,,,,,,,,,,,,,,,,,,,,,,,,,,,,,,,,,,,,,,
HYPROMELLOSE 2208 (100000 MPA.S),Hypromellose,326,grade_stripped,1,,,1,1,,1,1,1,,,,1,,,,1,,,,,,,,1,1,,1,,,,,,,1,,,,,1,,,,,1,,1,,,,,1,,,,,,1,1,,1,,,,,,,,,,,,,,,,,,,,,,1,,,,,,,,,,,,,,,,,,,,,,,,,,1,,,,,,,,,,,,,,,,,
"HYPROMELLOSE 2208 (15000 CPS), HYPROMELLOSE 2208 (15000 MPA.S), Hypromellose 2208 (15000 MPA.S), hypromellose 2208 (15000 MPA.S), hypromellose 2208 (15000 mpa.s)",Hypromellose,326,grade_stripped,1,,,1,1,,1,1,1,,,,1,,,,1,,,,,,,,1,1,,1,,,,,,,1,,,,,1,,,,,1,,1,,,,,1,,,,,,1,1,,1,,,,,,,,,,,,,,,,,,,,,,1,,,,,,,,,,,,,,,,,,,,,,,,,,1,,,,,,,,,,,,,,,,,
"SORBITOL SOLUTION, SORBITOL SOLUTION 70%, sorbitol solution",Sorbitol,679,NOT in HPE,,,,,,,,,,,1,,,,,,,1,,,,,,,,,,,1,,,,,,,,,,,,,,,,,,,,,,,,,,,,,,,,,,,,,,,,,,,,,,,,,,,,,,,,,,,,,,,,1,,,,,,,,,,,,,,,,,,,,,,,,,,,,,,,,,
SORBIC ACID,Sorbic Acid,672,exact,,1,,,,,,,,,,,,,,,,,,,,,,,,,,,,,,,,,,,,,,,,,,,,,,,,,,,,,,,,,,,,,,,,,,,,,,,,,,,,,,,,,,,,,,,,,,,,,,,,,,,,,,,,,,,,,,,,,,,,,,,,,,,,
ACESULFAME POTASSIUM,Acesulfame Potassium,3,exact,,,,,,,,,,,1,,,,,,,,,,,,,,,,,,,,,,,,,,,,,,,,,,,,,,,,,,,,,,,,,,,,,,,,,,,,,,,,,,,,,,,,,,,,,,,,,,,,,,,,,,,,,,,,,,,,,,,,,,,,,,,,,,,
HYPROMELLOSE 2208 (3 MPA.S),Hypromellose,326,grade_stripped,1,,,1,1,,1,1,1,,,,1,,,,1,,,,,,,,1,1,,1,,,,,,,1,,,,,1,,,,,1,,1,,,,,1,,,,,,1,1,,1,,,,,,,,,,,,,,,,,,,,,,1,,,,,,,,,,,,,,,,,,,,,,,,,,1,,,,,,,,,,,,,,,,,
"CALCIUM SULFATE, UNSPECIFIED FORM",Calcium Sulfate,105,exact,,,1,,,,,,,,,,,,,,,,,,,,,,,,,,,,,,,,,,,,,,,,,,,,,,,,,,,,,,,,,,,,,,,,,,,,,,,,,,,,,,,,,,,,,,,,,,,,,,,,,,1,,,,,,,,,,,,,,,,,,,,,,,,,
XYLITOL,Xylitol,786,exact,,,1,,,,,1,,1,1,,,,,,,,,,,,,,,,,,1,,,,,,,,,,1,,,,,,,,,,1,,,,,,,,,,,,,,,,,,,,,,,,,,,,,,,,,,,,,,,,,,,,,,,,,,,,,,,,,,,,,,,,,,,,,,,,,,,,,
POVIDONE K29/32,Povidone,581,grade_stripped,,,,1,,,1,,,,,,,,,,,,,,,,,,,,,,,,,,,,,,,,,1,,,,,,,,,,,,,,1,,,,,,,,,,,,,,,,,,,,,,,,,,,,,,,,,,,,,,,,,,,,,,,,,,,,,,,,,,,,,,,,,,,,,,,,
VANILLIN,Vanillin,760,exact,,,,,,,,,,,,,,,,1,,,,,,,,,,,,,,,,,,,,,,,,,,,,,,,,,,,,,,,,,,,,,,,,,,,,,,,,,,,,,,,,,,,,,,,,,,,,,,,,,,,,,,,,,,,,,,,,,,,,,,,,,,,,,,
CALCIUM CARBONATE,Calcium Carbonate,86,exact,,,1,1,,,,1,,,,1,,,1,,,,,,,,,,,,,,,,,,,,,,,,,,,,,,,,,1,,,,,,,,,,,,,,,,,,1,,,,,,,,,,,,,,,,,,,,,,,,,,,,,,,,,,,,,,,,,,,,,,,,,,,,,,,,,,,,
CALCIUM SULFATE DIHYDRATE,Calcium Sulfate,105,Exact,,,1,,,,,,,,,,,,,,,,,,,,,,,,,,,,,,,,,,,,,,,,,,,,,,,,,,,,,,,,,,,,,,,,,,,,,,,,,,,,,,,,,,,,,,,,,,,,,,,,,,1,,,,,,,,,,,,,,,,,,,,,,,,,
MAGNESIUM ALUMINUM SILICATE,Magnesium Aluminum Silicate,393,exact,,,,1,1,,1,,1,,,,,,,,,,,1,,,,,,,,,,1,,,,,,,,,,,,,,,,,,,,,,,,,,,,,,,,,,,,,,,,,,,,,,,,,,,,,,,,,,,,,,,,,,,,,,,,,,,,,,,,,,,,,,,,,,,,,,,,
DIETHYL PHTHALATE,Diethyl Phthalate,230,exact,,,,,,1,,,,,,,,,,,,1,,,,,,,1,,,,,,,,,,,,,,,,,,,,,,,,,,,,,,,,,,,,,,,,,,,,,,,,,,,,,,,,,,,,,,,,,,,,,,,,,,,,,,,,,,,,,,,,,,,,,,,,,,,,,
BENZYL ALCOHOL,Benzyl Alcohol,64,Exact,,1,,,,1,,,,,,,,,,,,,,,,,,1,,,,,,,,,,,,,,,,,,,,,,,,,,,,,,,,,,,,,,,,,,,,,,,,,,,,,,,,,,,,,,,,,,,,,,,,,,,,,,,,,,,,,,,,,,,,,,,,,,,,,,
".ALPHA.-TOCOPHEROL, DL-",Alpha Tocopherol,31,exact,,,,,,,,,,,,1,,1,,,,,,,,,,,,,,,,,,,,,,,,,,,,,,,,,,,,,,,,,,,,,,,,,,,,,,,,,,,,,,,,,,,,,,,,,,,,,,,,,,,,,,,,,,,,,,,,,,,,,,,,,,,,,,,,
"CROSPOVIDONE (12 MPA.S AT 5%), CROSPOVIDONE (35 .MU.M)",Crospovidone,208,grade_stripped,,,,,,,,,,,,,,,,,,,,,,,,,,,,,,,,,,,,,,,,,,,,1,,,,,,,,,,,,,,,,,,,,,,,,,,,,,,,,,,,,,,,,,,,,,,,,,,,,,,,,,,,,,,,,,,,,,,,,,,,,,,,,,,
"HYDROXYPROPYL CELLULOSE (70000 WAMW), HYDROXYPROPYL CELLULOSE (TYPE E)",Hydroxypropyl Cellulose,317,grade_stripped,1,,,1,1,,1,1,1,,,,,,,,1,,,,,,,,,,,,,,,,,,,,,,,,,,,,,,,,,,,,,,,,,,,,,,,,,,,,,,,,,,,,,,,,,,,,,,,,,,,,,,,,,,,,,,,,,,,,,,,,,,,,,,,,,,,,,
"SOYBEAN OIL, soybean oil",Soybean Oil,682,exact,,,,,,1,,,,,,,,,,,,,,,1,,,,,,,,,,,,,,,,,,,,,,,,,,,,,,,,,,,,,,,,,,,,,,,,,,,,,,,,,,,,,,,,,,,,,,,,,,,,,,,,,,,,,,,,,,,,,,,,,,,,,,,,,
PROPYL GALLATE,Propyl Gallate,587,exact,,,,,,,,,,,,,,1,,,,,,,,,,,,,,,,,,,,,,,,,,,,,,,,,,,,,,,,,,,,,,,,,,,,,,,,,,,,,,,,,,,,,,,,,,,,,,,,,,,,,,,,,,,,,,,,,,,,,,,,,,,,,,,,
OLEIC ACID,Oleic Acid,466,exact,1,,,,,,,,,,,,,,,,,,,,,,,,,,,,,,,,1,,,,,,,,,,,,,,,,,,,,,,,,,,,,,,,,,,,,,,,,,,,,,,,,,,,,,,,,,,,,,,,,,,,,,,,,,,,,,,,,,,,,,,,,,,,,,
POLYETHYLENE GLYCOL 3000,Polyethylene Glycol,517,grade_stripped,,,,,,1,,,,,,,,,,,,1,1,,,,,,,,,,,,,,,,,,1,,,,,,,,,,,,,,,,,,,,,,,,,,,,,,,,,,,1,,,,,,,,,,,,,,,,,,,,,,,,,,,,,,,,,,,,,,,,,,,,,,,,,,,,,,
POLYOXYL 40 HYDROGENATED CASTOR OIL,"Castor Oil, Hydrogenated",128,exact,,,,,,,,,,,,,,,,,,,1,,,,,,,,,,,,,,,1,,,,,,,,,,,,,,,,,,,,,,,,1,,,,,,,,,,,,,,,,,,,,,,,,,,,,,,,,,,,,,,,,,,,,,,,,,,,,,,,,,,,,,,,,,,,,
MALIC ACID,Malic Acid,411,exact,,,,,,,,,,,,1,,1,1,1,,,,,,,,,,,,,,,,,,,,,,,,,,,,,,,,,,,,,1,,,1,,,,,,,,,,,,,,,,,,,,,,,,,,,,,,,,,,,,,,,,,,,,,,,,,,,,,,,,,,,,,,,,,,,,,,
Acetic Acid,"Acetic Acid, Glacial",5,NOT in HPE,,,,,,1,,,,,,,,,,,,,,,,,,,,,,,,,1,,,,,,,,,,,,,,,,,,,,,,,,,1,,,,,,,,,,,,,,,,,,,,,,,,,,,,,,,,,,,,,,,,,,,,,,,,,,,,,,,,,,,,,,,,,,,,,,
METHYL ALCOHOL,Alcohol,17,NOT in HPE,,,,,,1,,,,,,,,,,,,,,,,,,,,,,,,,,,,,,,,,,,,,,,,,,,,,,,,,,,,,,,,,,,,,,,,,,,,,,,,,,,,,,,,,,,,,,,,,,,,,1,,,,,,,,,,,,,,,,,,,,,,,,,,,
"ALGINIC ACID, alginic acid",Alginic Acid,20,exact,,,,1,1,,1,,1,,,,,,,,,,,,,,,,,1,,,,,,,,,,,,,,,,,,1,,,,,,,,,,,,,,,,,1,,,,,,,,,,,,,1,,,,,,,,,,,,,,,,,,,,,,,,,,,,,,,,,,,,,,,,,,,,,,,,,,,,
GUAR GUM,Guar Gum,298,exact,,,,1,,,1,,1,,,,,,,,,,,,,,,,,,,,,,,,,,,,,,,,,,,1,,,,,,,,,,,,,,,,,,,,,,,,,,,,,,,,,,,,,,,,,,,,,,,,,,,,,,,,,,,,,,,,,,,,,,,,,,,,,,,,,,
METHYLCELLULOSE (100 MPA.S),Methylcellulose,438,grade_stripped,1,,,1,,,1,1,1,,,,,,,,,,,,,,,,,,,,,1,,,,,,,,,,,,,,,,,,,,,,,,,,,,,,,,,,,,,,,,,,,,,,,,,,,,,,,,,,,,,,,,,,,,,,,,,,,,,,,,,,,,,,,,,,,,,,,,
"SODIUM PHOSPHATE, DIBASIC, ANHYDROUS","Sodium Phosphate, Dibasic",656,exact,,,,,,,,,,,,,,,1,,,,,,,,,,,,,,,,,,,,,,,,,,,,1,,,,,,,,,,,,,,,,,,,,,,,,,,,,,,,,,,,,,,,,,,,,,,,,,,,,,,,,,,,,,,,,,,,,,,,,,,,,,,,,,,,
"HYPROMELLOSE PHTHALATE (24% PHTHALATE, 55 CST), Hypromellose Phthalate (24% Phthalate, 55 Cst), hypromellose phthalate (24% phthalate, 55 CST)",Hypromellose,326,grade_stripped,1,,,1,1,,1,1,1,,,,1,,,,1,,,,,,,,1,1,,1,,,,,,,1,,,,,1,,,,,1,,1,,,,,1,,,,,,1,1,,1,,,,,,,,,,,,,,,,,,,,,,1,,,,,,,,,,,,,,,,,,,,,,,,,,1,,,,,,,,,,,,,,,,,
"CARBOXYMETHYLCELLULOSE CALCIUM, carboxymethylcellulose calcium",Carboxymethylcellulose Calcium,117,exact,1,,,,1,,1,1,1,,,,,,,,,,,,,,,,,,,,,1,,,,,,,,,,,,,,,,,,,,,,,,,,,,,,,,,,,,,,,,,,,,,,1,,,,,,,,,,,,,,,,,,,,,,,,,,,,,,,,,,,,,,,,,,,,,,,,,,
FUMARIC ACID,Fumaric Acid,276,exact,,,,,,,,,,,,1,,1,,1,,,,,,,,,,,,,,,,,,,,,,,,,,,,,,,,,,,,,,,,1,,,,,,,,,,,,,,,,,,,,,,,,,,,,,,,,,,,,,,,,,,,,,,,,,,,,,,,,,,,,,,,,,,,,,,
"DEXTROSE, UNSPECIFIED FORM",Dextrose,222,exact,,,1,,,,,,,,1,1,,,,,,,,,,,,,,,,,,,,,,,,,,,,,,,,,,,,,,,1,,,,,,,,,,,,,,,,,,,,,,,,,,,,,,,,,,,,,,,,,,,,,,,,,,,,,,,,,,,,,,,,,,,,,,,,,,,
"NONCRYSTALLIZING SORBITOL SOLUTION, Noncrystallizing sorbitol solution",Sorbitol,679,NOT in HPE,,,,,,,,,,,1,,,,,,,1,,,,,,,,,,,1,,,,,,,,,,,,,,,,,,,,,,,,,,,,,,,,,,,,,,,,,,,,,,,,,,,,,,,,,,,,,,,,,,,,,,,,,,,,,,,,,,,,,,,,,,,,,,,,,
POLYETHYLENE OXIDE 200000,Polyethylene Oxide,522,grade_stripped,,,,1,,,,1,,,,,,,,,1,,,,,,,,,,,,,,,,,,,,,,,,,,,,,,,,,,,,,,,,,,1,,,,,,,,,,,,,,,,,,,,,,,,,,,,,,,,,,,,,,,,,,,,,,,,,,,,,,,,,,,,,,,,,,,
HYPROMELLOSE 2208 (4000 MPA.S),Hypromellose,326,grade_stripped,1,,,1,1,,1,1,1,,,,1,,,,1,,,,,,,,1,1,,1,,,,,,,1,,,,,1,,,,,1,,1,,,,,1,,,,,,1,1,,1,,,,,,,,,,,,,,,,,,,,,,1,,,,,,,,,,,,,,,,,,,,,,,,,,1,,,,,,,,,,,,,,,,,
SODIUM PROPIONATE,Sodium Propionate,661,exact,,1,,,,,,,,,,,,,,,,,,,,,,,,,,,,,,,,,,,,,,,,,,,,,,,,,,,,,,,,,,,,,,,,,,,,,,,,,,,,,,,,,,,,,,,,,,,,,,,,,,,,,,,,,,,,,,,,,,,,,,,,,,,,
SODIUM CARBONATE,Sodium Carbonate,635,exact,,,,,,,,,,,,,,,1,,,,,,,1,,,,,,,,,,,,,,,,,,,,,,,,,,,,,,,,,,,,,,,,,,,,,,,,,,,,,,,,,,,,,,,,,,,,,,,,,,,,,,,,,,,,,,,,,,,,,,,,,,,,,,,,
HYPROMELLOSE ACETATE SUCCINATE 06081224 (3 MPA.S),Hypromellose Acetate Succinate,330,grade_stripped,,,,,,,,,,,,,,,,,,,,,,,,,1,1,,,,,,,,,1,,,,,,,,,,,,,,,,,,,,,,,,,,,,,,,,,,,,,,,,,,,,,,,,,,,,,,,,,,,,,,,,,,,,,,1,,,,,,,,,,,,,,,,1,,,,,
ZINC STEARATE,Zinc Stearate,793,exact,,,,,,,,,,,,,,,,,,,1,,,,,,,,,,,,,,,,,,,,,,,,,,,,,,,,,,,,,,,,,,,,,,,,,,,,,,,,,,,,,,,,,,,,,,,,,,,,,,,,,,,,,,,,,,,,,,,,,,,,,,,,,,,
METHYLCELLULOSE (15 CPS),Methylcellulose,438,grade_stripped,1,,,1,,,1,1,1,,,,,,,,,,,,,,,,,,,,,1,,,,,,,,,,,,,,,,,,,,,,,,,,,,,,,,,,,,,,,,,,,,,,,,,,,,,,,,,,,,,,,,,,,,,,,,,,,,,,,,,,,,,,,,,,,,,,,,
MALTITOL,Maltitol,414,exact,,,,,,,,1,,,1,,,,,,,,,,,,,,,,,,,,,,,,,,,,1,,,,,,,,1,,,,,,,,,,,,,,,,,,,,,,,,,,,,,,,,,,,,,,,,,,,,,,,,,,,,,,,,,,,,,,,,,,,,,,,,,,,,,,,
"ETHYLCELLULOSE (100 CPS), ETHYLCELLULOSE (100 MPA.S), ethylcellulose (100 mpa.s)",Ethylcellulose,262,grade_stripped,,,,1,,,,1,1,,,,,,,1,,,,,,,,,,,,,,,,,,,,,,,,,,,,,,,,,1,,,,,,,,,,,,,,,,,,,,,,,,,,,,,,,,,,,,,,,,,,,,,,,,,,,,,,,,,,,,,,,,,,,,,,,,,,,,,
"STARCH, POTATO, starch, potato",Starch,685,exact,,,1,1,,,,,,,,,,,,,1,,,,,,,,,,,,,1,,,,,,,,,,,,,,,,,,,,,,,,,,,,,,,,,,,,,,,,,,,,,,,,,,,,,,,,,,,,,,,,,,,,,,,,,,,,,,,,,,,,,,,,,,,,,,,,
"HYPROMELLOSE PHTHALATE (31% PHTHALATE, 40 CST)",Hypromellose,326,grade_stripped,1,,,1,1,,1,1,1,,,,1,,,,1,,,,,,,,1,1,,1,,,,,,,1,,,,,1,,,,,1,,1,,,,,1,,,,,,1,1,,1,,,,,,,,,,,,,,,,,,,,,,1,,,,,,,,,,,,,,,,,,,,,,,,,,1,,,,,,,,,,,,,,,,,
magnesium carbonate,Magnesium Carbonate,397,exact,,,1,,,,,,,,,,,,,,,,,1,,,,,,,,,,,,,,,,,,,,,,,,,,,,,,,,,,,,,,,,,,,,,,,,,,,,,,,,,,,,,,,,,,,1,,,,,,,,,,,,,,,,,,,,,,,,,,,,,,,,,,,,,,,
MICROCRYSTALLINE CELLULOSE 112,"Cellulose, Microcrystalline",129,grade_stripped,,,1,,,,1,,,,,,,,,,,,,1,,,,,,,,,,,,,,,,,,,,,,,,1,,,,,,,,,,,,,,,,,,,,,,,,,,,,,,,,,,,,,,,,,,,,,,,,,,,,,,,,,,,,,,,,,,,,,,,,,,,,,,,,,,
BENZOIC ACID,Benzoic Acid,61,Exact,,1,,,,,,,,,,1,,,,,,,,,,,,,,,,,,,,,,,,,,,,,,,,,,,,,,,,,,,,,,,,,,,,,,,,,,,,,,,,,,,,,,,,,,,,,,,,,,,,,,,,,,,,,,,,,,,,,,,,,,,,,,,,,,
Phosphoric Acid,Phosphoric Acid,503,exact,,,,,,,,,,,,,,,,,,,,,,,,,,,,,,,1,,,,,,,,,,,,,,,,,,,,,,,,,,,,,,,,,,,,,,,,,,,,,,,,,,,,,,,,,,,,,,,,,,,,,,,,,,,,,,,,,,,,,,,,,,,,,,,
TRIBASIC CALCIUM PHOSPHATE,"Calcium Phosphate, Tribasic",99,exact,,,1,,,,,,,,,,,,1,,,,,,,,,,,,,,,,,,,,,,,1,,,,1,,,,,,,,,,,,,,,,,,,,,,,,,,1,,,,,,,,,,,,,,,,,,,,,,,,,,,,,,,,,,,,,,,,,,,,,,,,,,,,,,,,,,
"HYPROMELLOSE 2910 (15000 MPA.S), Hypromellose 2910 (15000 MPA.S)",Hypromellose,326,grade_stripped,1,,,1,1,,1,1,1,,,,1,,,,1,,,,,,,,1,1,,1,,,,,,,1,,,,,1,,,,,1,,1,,,,,1,,,,,,1,1,,1,,,,,,,,,,,,,,,,,,,,,,1,,,,,,,,,,,,,,,,,,,,,,,,,,1,,,,,,,,,,,,,,,,,
SODIUM PHOSPHATE DIBASIC DIHYDRATE,"Sodium Phosphate, Dibasic",656,exact,,,,,,,,,,,,,,,1,,,,,,,,,,,,,,,,,,,,,,,,,,,,1,,,,,,,,,,,,,,,,,,,,,,,,,,,,,,,,,,,,,,,,,,,,,,,,,,,,,,,,,,,,,,,,,,,,,,,,,,,,,,,,,,,
MENTHOL,Menthol,433,exact,,,,,,,,,,,,1,,,,1,,,,,,,,,,,,,,,,,,,,,,,,,,,,,,,,,,,,,,,,,,,,,,,,,,,,,,,,,,,,,,,,,,,,,,,,,,,,,,,,,,,,,,,,,,,,,,,,,,,,,,,,,,,,,,
ACETYLTRIBUTYL CITRATE,Acetyltributyl Citrate,8,exact,,,,,,,,,,,,,,,,,,1,,,,,,,,,,,,,,,,,,,,,,,,,,,,,,,,,,,,,,,,,,,,,,,,,,,,,,,,,,,,,,,,,,,,,,,,,,,,,,,,,,,,,,,,,,,,,,,,,,,,,,,,,,,,
"PEANUT OIL, Peanut Oil",Peanut Oil,476,exact,,,,,,1,,,,,,,,,,,,,,,1,,,,,,,,,,,,,,,,,,,,,,,,,,,,,,,,,,,,,,,,,,,,,,,,,,,,,,,,,,,,,,,,,,,,,,,,,,,,,,,,,,,,,,,,,,,,,,,,,,,,,,,,,
"POLYVINYL ACETATE PHTHALATE, Polyvinyl Acetate Phthalate",Polyvinyl Acetate Phthalate,562,exact,,,,,,,,1,,,,,,,,,,,,,,,,,,,,,,,,,,,,,,,,,,,,,,,,,,,,,,,,,,,,,,,,,,,,,,,,,,,,,,,,,,,,,,,,,,,,,,,,,,,,,,,,,,,,,,,,,,,,,,,,,,,,,,
ETHYLCELLULOSE (20 MPA.S),Ethylcellulose,262,grade_stripped,,,,1,,,,1,1,,,,,,,1,,,,,,,,,,,,,,,,,,,,,,,,,,,,,,,,,1,,,,,,,,,,,,,,,,,,,,,,,,,,,,,,,,,,,,,,,,,,,,,,,,,,,,,,,,,,,,,,,,,,,,,,,,,,,,,
POLYETHYLENE GLYCOL 1000,Polyethylene Glycol,517,grade_stripped,,,,,,1,,,,,,,,,,,,1,1,,,,,,,,,,,,,,,,,,1,,,,,,,,,,,,,,,,,,,,,,,,,,,,,,,,,,,1,,,,,,,,,,,,,,,,,,,,,,,,,,,,,,,,,,,,,,,,,,,,,,,,,,,,,,
METHYLPARABEN SODIUM,Methylparaben,441,exact,,1,,,,,,,,,,,,,,,,,,,,,,,,,,,,,,,,,,,,,,,,,,,,,,,,,,,,,,,,,,,,,,,,,,,,,,,,,,,,,,,,,,,,,,,,,,,,,,,,,,,,,,,,,,,,,,,,,,,,,,,,,,,,
"DEXTRATES, dextrates",Dextrates,218,exact,,,1,1,,,,,,,,,,,,,,,,,,,,,,,,,,,,,,,,,,,,,,,,,,,,,,,,,,,,,,,,,,,,,,,,,,,,,,,,,,,,,,,,,,,,,,,,,,,,,,,,,,,,,,,,,,,,,,,,,,,,,,,,,,
CALCIUM PHOSPHATE,"Calcium Phosphate, Dibasic Anhydrous",94,exact,,,1,,,,,,,,,,,,,,,,,,,,,,,,,,,,,,,,,,,,,,,,,,,,,,,,,,,,,,,,,,,,,,,,,,,,,,,,,,,,,,,,,,,,,,,,,,,,,,,,,,,,,,,,,,,,,,,,,,,,,,,,,,,
MINERAL OIL,Mineral Oil,445,exact,,,,,,1,,,,1,,,,,,,,,,,1,,,,,,,,,,,,,,,1,,,,,,,,,,,,,,,,,,,,,,,,,,,,,,,,,,,,,,,1,,,,,,,,,,,,,,,,,,,,,,,,,,,,,,,,,,,,,,,,,,,,,,,,,,,
BUTYLPARABEN, Butylparaben,78,fuzzy,,,,,,,,,,,,,,,,,,,,,,,,,,,,,,,,,,,,,,,,,,,,,,,,,,,,,,,,,,,,,,,,,,,,,,,,,,,,,,,,,,,,,,,,,,,,,,,,,,,,,,,,,,,,,,,,,,,,,,,,,,,,,,
"HYDROXYETHYL CELLULOSE (140 CPS AT 5%), HYDROXYETHYL CELLULOSE (140 MPA.S AT 5%), hydroxyethyl cellulose (140 MPA.S at 5%)",Hydroxyethyl Cellulose,311,grade_stripped,,,,1,,,1,1,1,,,,,,,,1,,,,,,,,,,,,,,,,,,,,,,,,,,,,,,,,,,,,,,,,,,,,,,,,,,,,,,,,,,,,,,,,,,,,,,,,,,,,,,,,,,,,,,,,,,,,,,,,,,,,,,,,,,,,,
POTASSIUM CHLORIDE,Potassium Chloride,572,exact,,,,,,,,,,,,1,,,,,,,,,,,,,,,,,,,,,,,,,,,,,,,,,,,,,,,1,,,,,,,,,,,,,,,,,,,,,,,,,,,,,,,,,,,,,,,,,,,,,,,,,,,,,,,,,,,,,,,,,,,,,,,,,,,
Ethyl acetate,Ethyl Acetate,253,exact,,,,,,1,,,,,,,,,,1,,,,,,,,,,,,,,,,,,,,,,,,,,,,,,,,,,,,,,,,,,,,,,,,,,,,,,,,,,,,,,,,,,,,,,,,,,,,,,,,,,,,,,,,,,,,,,,,,,,,,,,,,,,,,,
GLYCINE,Glycine,295,exact,,,,,,,,,,,,,,,1,,,,,,,,,,,,1,,,,,,,,,,,,,,,,,1,,,,,,,,,,,,,,,,,,,,,,,,1,,,,,,,,,,,,,1,,,,,,,,,,,,1,,,,,,,,,,,,,,,,,,,,,,,,,,,,,,,,,
CETYL ALCOHOL,Cetyl Alcohol,155,exact,1,,,,,,,1,,,,,,,,,,,,,,,,,,,,,,,,,,1,,,,,,,,,,,,,,,,,,,,,,,,,,,,,,,,,,,,,,,,,,,,,,,,,,,,,,,,,,,,,,,,,,,,,,,,,,,,,,,,,,,,,,,,,,,,
EDETATE CALCIUM DISODIUM,Disodium Edetate,242,Exact,,,,,,,,,,,,,,,,,,,,,,,,,,,,,,,,,,,,,,,,,,,,,,,,,,,,,1,,,,,,,,,,,,,,,,,,,,,,,,,,,,,,,,,,,,,,,,,,,,,,,,,,,,,,,,,,,,,,,,,,,,,,,,,
POLYVINYL ACETATE,Polyvinyl Acetate Phthalate,562,NOT in HPE,,,,,,,,1,,,,,,,,,,,,,,,,,1,,,,,,,,,,,,,,,,,,,,,,,,,,,,,,,,,,,,1,,,,,,,,,,,,,,,,,,,,,,,,,,,,,,,,,,,,,,,,,,,,,,,,,,,,,,,,,,,,,,,,,
"MODIFIED CORN STARCH (1-OCTENYL SUCCINIC ANHYDRIDE), modified corn starch (1-octenyl succinic anhydride)",Starch,685,NOT in HPE,,,,,1,,1,,,,,,,,,,,,,,,,,,,,,1,,,,,,,,,,,,,,,,,,,,,,,,,,,,,,,,,,,,,,,,,,,,,,,,,,,,,,,,,,,,,,,,,,,,,,,,,,,,,,,,,,,,,,,,,,,,,,,,,,
"HYDROXYETHYL CELLULOSE (2000 CPS AT 1%), HYDROXYETHYL CELLULOSE (2000 MPA.S AT 1%), Hydroxyethyl Cellulose (2000 Cps At 1%), Hydroxyethyl Cellulose (2000 Mpa.S At 1%), hydroxyethyl cellulose (2000 MPA.S AT 1%)",Hydroxyethyl Cellulose,311,grade_stripped,,,,1,,,1,1,1,,,,,,,,1,,,,,,,,,,,,,,,,,,,,,,,,,,,,,,,,,,,,,,,,,,,,,,,,,,,,,,,,,,,,,,,,,,,,,,,,,,,,,,,,,,,,,,,,,,,,,,,,,,,,,,,,,,,,,
POTASSIUM CARBONATE,Potassium Bicarbonate,570,NOT in HPE,,,,,,,,,,,,,,,1,,,,,,,1,,,,,,,,,,,,,,,,,,,,,,,,,,,,,,,,,,,,,,,,,,,,,,,,,,,,,,,,,,,,,,,,,,,,,,,,,,,,,,,,,,,,,,,,,,,,,,,,,,,,,,,,
TOCOPHEROL,Alpha Tocopherol,31,exact,,,,,,,,,,,,1,,1,,,,,,,,,,,,,,,,,,,,,,,,,,,,,,,,,,,,,,,,,,,,,,,,,,,,,,,,,,,,,,,,,,,,,,,,,,,,,,,,,,,,,,,,,,,,,,,,,,,,,,,,,,,,,,,,
ACETONE,Acetone,7,exact,,,,,,1,,,,,,,,,,,,,,,,,,,,,,,,,,,,,,,,,,,,,,,,,,,,,,,,,,,,,,,,,,,,,,,,,,,,,,,,,,,,,,,,,,,,,,,,,,,,,,,,,,,,,,,,,,,,,,,,,,,,,,,,
"YELLOW WAX, yellow wax","Wax, Yellow",780,exact,,,,,1,,,,,,,,,,,,,,,,,,,,,,,,,,,,,1,1,,,,,,,,,,,,,,,,,,,,,,,,,,,,,,,,,,,,,,,,,,,,,,,,,,,,,,,,,,,,,,,,,,,,,,,,,,,,,,,,,,,1,,,,,,,,
SODIUM ACETATE,Sodium Acetate,620,exact,,1,,,1,,,,,,,,,,1,1,,,,,,,,,,,,,,,,,,,,,,,,,,,,,,,,,,,,,,,,,,,,,,,,,,,,,,,,,,,,,,,,,,,,,,,,,,,,,,,,,,,,,,,,,,,,,,,,,,,,,,,,,,,,,,
"HYDROXYETHYL CELLULOSE, UNSPECIFIED",Hydroxyethyl Cellulose,311,exact,,,,1,,,1,1,1,,,,,,,,1,,,,,,,,,,,,,,,,,,,,,,,,,,,,,,,,,,,,,,,,,,,,,,,,,,,,,,,,,,,,,,,,,,,,,,,,,,,,,,,,,,,,,,,,,,,,,,,,,,,,,,,,,,,,,
PROPYLPARABEN SODIUM,Propylparaben Sodium,599,exact,,1,,,,,,,,,,,,,,,,,,,,,,,,,,,,,,,,,,,,,,,,,,,,,,,,,,,,,,,,,,,,,,,,,,,,,,,,,,,,,,,,,,,,,,,,,,,,,,,,,,,,,,,,,,,,,,,,,,,,,,,,,,,,
ALUMINUM HYDROXIDE,Aluminum Hydroxide Adjuvant,34,exact,,,,,,,,,,,,,,,,,,,,1,,,,,,,,,,,,,,,,,,,,,,,,,,,,,,,,,,,,,,,,,,,,,,,,,,,,,,,1,,,,,,,,,,,,,,,,,,,,,,,,,,,,,,,,,,,,,,,,,,,,,,,,,,,
FRUCTOSE,Fructose,273,exact,,,,,,,,,,,1,,,,,1,,,,,,,,,,,,,,,,,,,,,,,,1,,,,,,,,,,,,,,,1,,,,,,,,,,,,,,,,,,,,,,,,,,,,,,,,,,,,,,,,,,,,,,,,,,,,,,,,,,,,,,,,,,,,,,,
CASTOR OIL,Castor Oil,126,exact,,,,,,1,,,,1,,,,,,,,,,,1,,,,,,,,,,,,,,,,,,,,,,,,,,,,,,,,,,,,,,,,,,,,,,,,,,,,,,,,,,,,,,,,,,,,,,,,,,,,,,,,,,,,,,,,,,,,,,,,,,,,,,,,,
"SESAME OIL, sesame oil",Sesame Oil,614,exact,,,,,,1,,,,,,,,,,,,,,,1,,,,,,,,,,,,,,,,,,,,,,,,,,,,,,,,,,,,,,,,,,,,,,,,,,,,,,,,,,,,,,,,,,,,,,,,,,,,,,,,,,,,,,,,,,,,,,,,,,,,,,,,,
WHITE WAX,"Wax, White",779,exact,,,,,1,,,,,,,,,,,,,,,,,,,,,,,,,,,,,1,1,,,,,,,,,,,,,,,,,,,,,,,,,,,,,,,,,,,,,,,,,,,,,,,,,,,,,,,,,,,,,,,,,,,,,,,,,,,,,,,,,,,,,,,,,,,
"HYDROGENATED SOYBEAN OIL, Hydrogenated Soybean Oil",Soybean Oil,682,NOT in HPE,,,,,,,,,,1,,,,,,,,,,,1,,,,,,,,,,,,,,,,,,,,,,,,,,,,,,,,,,,,,,,,,,,,,,,,,,,,,,,,,,,,,,,,,,,,,,,,,,,,,,,,,,,,,,,,,,,,,,,,,,,,,,1,,,
POLYETHYLENE GLYCOL 300,Polyethylene Glycol,517,grade_stripped,,,,,,1,,,,,,,,,,,,1,1,,,,,,,,,,,,,,,,,,1,,,,,,,,,,,,,,,,,,,,,,,,,,,,,,,,,,,1,,,,,,,,,,,,,,,,,,,,,,,,,,,,,,,,,,,,,,,,,,,,,,,,,,,,,,
NITROGEN,Nitrogen,461,exact,,,,,,,,,,,,,,,,,,,,,,,,,,,,,,,,1,,,,,,,,,,,,,,,,,,,,,,,,,,,,,,,,,,,,,,,,,,,,,1,,,,,,,,,,,,,,,,,,,,,,,,,,,,,,,,,,,,,,,,,,,,,,,,,
SODIUM METABISULFITE,Sodium Metabisulfite,654,exact,,1,,,,,,,,,,,,1,,,,,,,,,,,,,,,,,,,,,,,,,,,,,,,,,,,,,,,,,,,,,,,,,,,,,,,,,,,,,,,,,,,,,,,,,,,,,,,,,,,,,,,,,,,,,,,,,,,,,,,,,,,,,,,,
POTASSIUM BICARBONATE,Potassium Bicarbonate,570,exact,,,,,,,,,,,,1,,,,,,,,,,1,,,,,,,,,,,,,,,,,,,,,,,,,,,,,,,,,,,,,,,,,,,,,,,,,,,,,,,,,,,,,,,,,,,,,,,,,,,,,,,,,,,,,,,,,,,,,,,,,,,,,,,,
"METHYLCELLULOSE, UNSPECIFIED",Methylcellulose,438,exact,1,,,1,,,1,1,1,,,,,,,,,,,,,,,,,,,,,1,,,,,,,,,,,,,,,,,,,,,,,,,,,,,,,,,,,,,,,,,,,,,,,,,,,,,,,,,,,,,,,,,,,,,,,,,,,,,,,,,,,,,,,,,,,,,,,,
CORN OIL,Corn Oil,199,exact,,,,,,1,,,,,,,,,,,,,,,1,,,,,,,,,,,,,,,,,,,,,,,,,,,,,,,,,,,,,,,,,,,,,,,,,,,,,,,,,,,,,,,,,,,,,,,,,,,,,,,,,,,,,,,,,,,,,,,,,,,,,,,,,
MAGNESIUM TRISILICATE,Magnesium Trisilicate,408,exact,,,,,,,,,,,,1,,,,,,,,,,,,,,,,,,,,,,,,,,1,,,,1,,,,,,,,,,,,,,,,,,,,,,,,,,,,,,,,,,,,,,,,,,,,,,,,,,,,,,,,,,,,,,,,,,,,,,,,,,,,,,,,,,,,
HYPROMELLOSE 2910 (10000 MPA.S),Hypromellose,326,grade_stripped,1,,,1,1,,1,1,1,,,,1,,,,1,,,,,,,,1,1,,1,,,,,,,1,,,,,1,,,,,1,,1,,,,,1,,,,,,1,1,,1,,,,,,,,,,,,,,,,,,,,,,1,,,,,,,,,,,,,,,,,,,,,,,,,,1,,,,,,,,,,,,,,,,,
LOW-SUBSTITUTED HYDROXYPROPYL CELLULOSE (11% HYDROXYPROPYL; 130000 MW),"Hydroxypropyl Cellulose, Low-substituted",322,grade_stripped,,,,1,,,,,,,,,,,,,,,,,,,,,,,,,,1,,,,,,,,,,,,,,,,,,,,,,,,,,,,,,,,,,,,,,,,,,,,,,,,,,,,,,,,,,,,,,,,,,,,,,,,,,,,,,,,,,,,,,,,,,,,,,,,
"POLYETHYLENE GLYCOL 7000000, POLYETHYLENE OXIDE 7000000, Polyethylene Glycol 7000000",Polyethylene Glycol,517,grade_stripped,,,,,,1,,,,,,,,,,,,1,1,,,,,,,,,,,,,,,,,,1,,,,,,,,,,,,,,,,,,,,,,,,,,,,,,,,,,,1,,,,,,,,,,,,,,,,,,,,,,,,,,,,,,,,,,,,,,,,,,,,,,,,,,,,,,
KAOLIN,Kaolin,352,exact,,,1,,,,1,,,,,,,,,,,,,1,,,,,,,,,,,,,,,,,,,,,,,,,,,,,,,,,,,,,,,,,,,,,,,,,,,,,,,,,,,,,,,,,,,,,,,,,,,,,,,,,,,,,,,,,,,,,,,,,,,,,,,,,,
POLYETHYLENE GLYCOL 200,Polyethylene Glycol,517,grade_stripped,,,,,,1,,,,,,,,,,,,1,1,,,,,,,,,,,,,,,,,,1,,,,,,,,,,,,,,,,,,,,,,,,,,,,,,,,,,,1,,,,,,,,,,,,,,,,,,,,,,,,,,,,,,,,,,,,,,,,,,,,,,,,,,,,,,
"TOCOPHERSOLAN, VITAMIN E POLYETHYLENE GLYCOL SUCCINATE",Vitamin E Polyethylene Glycol Succinate,764,exact,1,,,1,,,1,,,,,,1,1,,,,,,,,,,,,,,,,,,,,,,,1,,,,,,,,,,1,,,,,,,,,,,,,,,,,,,,,,,,,,1,,,,,,,,,,,,,1,,,,,,,,,,,,,,,,,,,,,,,,,,,,,,,,,,,,,,,,
"MICROCRYSTALLINE CELLULOSE 200, Microcrystalline cellulose 200","Cellulose, Microcrystalline",129,grade_stripped,,,1,,,,1,,,,,,,,,,,,,1,,,,,,,,,,,,,,,,,,,,,,,,1,,,,,,,,,,,,,,,,,,,,,,,,,,,,,,,,,,,,,,,,,,,,,,,,,,,,,,,,,,,,,,,,,,,,,,,,,,,,,,,,,,
"DIMETHICONE 1000, dimethicone 1000",Dimethicone,233,grade_stripped,,,,,,,,,,1,,,,,,,,,,,,,,,,,,,,,,,,,,,,,,,,,,,,,,,,,,,,,,,,,,,,,,1,,,,,,,,,,,,,,,,,,,,,1,,,,,,,,,,,,,,,,,,,,,,,,,,,,,,,,,,,,,,,,,
PARAFFIN,Paraffin,474,exact,,,,,,,,,,,,,,,,,,,,,,,,,,,,,,,,,,1,,,1,,,,,,,,,,,,,,,,,,,,,,,,,,,,,,,,,,,,,,,,,,,,,,,,,,,,,,,,,,,,,,,,,,,,,,,,,,,,,,,,,,,,,,,,,
DIMETHICONE 350,Dimethicone,233,grade_stripped,,,,,,,,,,1,,,,,,,,,,,,,,,,,,,,,,,,,,,,,,,,,,,,,,,,,,,,,,,,,,,,,,1,,,,,,,,,,,,,,,,,,,,,1,,,,,,,,,,,,,,,,,,,,,,,,,,,,,,,,,,,,,,,,,
"HYDROXYPROPYL CELLULOSE (1200000 WAMW), HYDROXYPROPYL CELLULOSE (TYPE M)",Hydroxypropyl Cellulose,317,grade_stripped,1,,,1,1,,1,1,1,,,,,,,,1,,,,,,,,,,,,,,,,,,,,,,,,,,,,,,,,,,,,,,,,,,,,,,,,,,,,,,,,,,,,,,,,,,,,,,,,,,,,,,,,,,,,,,,,,,,,,,,,,,,,,,,,,,,,,
POLYETHYLENE OXIDE 5000000,Polyethylene Oxide,522,grade_stripped,,,,1,,,,1,,,,,,,,,1,,,,,,,,,,,,,,,,,,,,,,,,,,,,,,,,,,,,,,,,,,1,,,,,,,,,,,,,,,,,,,,,,,,,,,,,,,,,,,,,,,,,,,,,,,,,,,,,,,,,,,,,,,,,,,
"POLYVINYL ALCOHOL (100000 MW), Polyvinyl Alcohol (100000 Mw)",Polyvinyl Alcohol,564,grade_stripped,,,,,1,,,1,1,,,,,,,,,,,,,,,,,,,,,,,,,,,1,,,,,,,,,,,,,,,,,,,,,,,,,,,,,,,,,,,,,,,,,,,,,,,,,,,,,,,,,,,,,,,,,,,,,,,,,,,,,,,,,,,,,,,,,,
"STARCH, TAPIOCA, starch, tapioca",Starch,685,exact,,,1,1,,,,,,,,,,,,,1,,,,,,,,,,,,,1,,,,,,,,,,,,,,,,,,,,,,,,,,,,,,,,,,,,,,,,,,,,,,,,,,,,,,,,,,,,,,,,,,,,,,,,,,,,,,,,,,,,,,,,,,,,,,,,
LIGHT MINERAL OIL,"Mineral Oil, Light",447,exact,,,,,,1,,,,1,,1,,,,,,,1,,1,,,,,,,,,,,,,,,,,,,,,,,,,,,,,,,,,,,,,,,,,,,,,,,,,,,,,,,,,,,,,,,,,,,,,,,,,,,,,,,,,,,,,,,,,,,,,,,,,,,,,,,,,
betadex,Hydroxypropyl Betadex,315,exact,,,,,1,,,,,,,,1,,,,,,,,,,,,,,,,,,,,,,,,,,,1,,,1,,,,,,,,1,,,,,,,,,,1,,,,,,1,,,,,,,,,,,,,,,,,,,,,,,,,,,,,,,,,,,,,,,,,,,,,,,,,,,,,,,,,,,
"CARBOMER HOMOPOLYMER TYPE A, CARBOMER HOMOPOLYMER TYPE A (ALLYL PENTAERYTHRITOL CROSSLINKED), Carbomer 941",Carbomer,110,grade_stripped,1,,,1,1,,1,,,,,,,,,,,,,,,,,,,,,1,,,,,,,1,,,,,,,,,,,,,,,,,1,,,,,,,,,,,,,,,,,,,,,,,,,,,,,,,,,,,,,,,,,,,,,,,,,,,,,,,,,,,,,,,,,,,,1,,,,,,
SACCHARIN,Saccharin,605,exact,,,,,,,,,,,1,,,,,,,,,,,,,,,,,,,,,,,,,,,,,,,,,,,,,,,,,,,,,,,,,,,,,,,,,,,,,,,,,,,,,,,,,,,,,,,,,,,,,,,,,,,,,,,,,,,,,,,,,,,,,,,,,,,
"HYPROMELLOSE PHTHALATE (31% PHTHALATE, 170 CST), hypromellose phthalate (31% phthalate, 170 cst)",Hypromellose,326,grade_stripped,1,,,1,1,,1,1,1,,,,1,,,,1,,,,,,,,1,1,,1,,,,,,,1,,,,,1,,,,,1,,1,,,,,1,,,,,,1,1,,1,,,,,,,,,,,,,,,,,,,,,,1,,,,,,,,,,,,,,,,,,,,,,,,,,1,,,,,,,,,,,,,,,,,
CALCIUM SILICATE,Calcium Silicate,101,exact,,,,,,,,,,,,,,,,,,,,1,,,,,,,,,,,,,,,,,,1,,,,,,,,,,1,1,,,,,,,,,,,,,,,,,,,,,,,,,,,,,,,,,,,,,,,,,,,,,,,,,,,,,,,,,,,,,,,,,,,,,,,,,,,,,
"SODIUM PHOSPHATE, DIBASIC, UNSPECIFIED FORM","Sodium Phosphate, Dibasic",656,exact,,,,,,,,,,,,,,,1,,,,,,,,,,,,,,,,,,,,,,,,,,,,1,,,,,,,,,,,,,,,,,,,,,,,,,,,,,,,,,,,,,,,,,,,,,,,,,,,,,,,,,,,,,,,,,,,,,,,,,,,,,,,,,,,
"CARBOMER 934, CARBOMER HOMOPOLYMER TYPE B (ALLYL SUCROSE CROSSLINKED)",Carbomer,110,grade_stripped,1,,,1,1,,1,,,,,,,,,,,,,,,,,,,,,1,,,,,,,1,,,,,,,,,,,,,,,,,1,,,,,,,,,,,,,,,,,,,,,,,,,,,,,,,,,,,,,,,,,,,,,,,,,,,,,,,,,,,,,,,,,,,,1,,,,,,
METHYLCELLULOSE (400 MPA.S),Methylcellulose,438,grade_stripped,1,,,1,,,1,1,1,,,,,,,,,,,,,,,,,,,,,1,,,,,,,,,,,,,,,,,,,,,,,,,,,,,,,,,,,,,,,,,,,,,,,,,,,,,,,,,,,,,,,,,,,,,,,,,,,,,,,,,,,,,,,,,,,,,,,,
HYDROXYPROPYL CELLULOSE (20000 WAMW),Hydroxypropyl Cellulose,317,grade_stripped,1,,,1,1,,1,1,1,,,,,,,,1,,,,,,,,,,,,,,,,,,,,,,,,,,,,,,,,,,,,,,,,,,,,,,,,,,,,,,,,,,,,,,,,,,,,,,,,,,,,,,,,,,,,,,,,,,,,,,,,,,,,,,,,,,,,,
"SORBITAN, Sorbitan",Polyoxyethylene Sorbitan Fatty Acid Esters,549,NOT in HPE,1,,,,,,,,,,,,1,,,,,,,,,,,,,,,,,,,,,,,,,,,,,,,,,,,,,1,,,,,,,,,,,,,,,,,,,,,,,,,,,,,,,,,,,,,,,,,,,,,,,,,,,,,,,,,,,,,,,,,,,,,,,,,,,,
"POLYOXYL 35 CASTOR OIL, polyoxyl 35 castor oil",Castor Oil,126,grade_stripped,,,,,,,,,,,,,,,,,,,,,,,,,,,,,,,,,,,,,,,,,,,,,,,,,,,,,,,,,,,,,,,,,,,,,,,,,,,,,,,,,,,,,,,,,,,,,,,,,,,,,,,,,,,,,,,,,,,,,,,,,,,,,,
sucrose stearate,Sucrose,703,NOT in HPE,1,,,,,,,,,,,,1,,,,,,,,,,,,,,,,,,,,,,,,,,,,,,,,,,,,,,,,,,,,,,,,,,,,,,,,,,1,,,,,,,,,,,,,,,,,,,,,,,,,,,,,,,,,,,,,,,,,,,,,,,,,,,,,,,
LACTIC ACID,Lactic Acid,355,exact,,,,,,,,,,,,,,,,,,,,,,,,,,,,,,,1,,,,,,,,,,,,,,,,,,,,,,,,,1,,,,,,,,,,,,,,,,,,,,,,,,,,,,,,,,,,,,,,,,,,,,,,,,,,,,,,,,,,,,,,,,,,,,,,
HYPROMELLOSE ACETATE SUCCINATE 12070923 (3 MM2/S),Hypromellose Acetate Succinate,330,grade_stripped,,,,,,,,,,,,,,,,,,,,,,,,,1,1,,,,,,,,,1,,,,,,,,,,,,,,,,,,,,,,,,,,,,,,,,,,,,,,,,,,,,,,,,,,,,,,,,,,,,,,,,,,,,,,1,,,,,,,,,,,,,,,,1,,,,,
"CARBOMER HOMOPOLYMER TYPE B, CARBOMER HOMOPOLYMER TYPE B (ALLYL PENTAERYTHRITOL CROSSLINKED)",Carbomer,110,exact,1,,,1,1,,1,,,,,,,,,,,,,,,,,,,,,1,,,,,,,1,,,,,,,,,,,,,,,,,1,,,,,,,,,,,,,,,,,,,,,,,,,,,,,,,,,,,,,,,,,,,,,,,,,,,,,,,,,,,,,,,,,,,,1,,,,,,
Isomalt,Isomalt,342,exact,,,1,,,,,1,,,1,,,,,,,,,,,,,,,,,,,,,,,,,,,,,,,,,,,,1,,,,,,,,,,,,,,,,,,,,,,,,,,,,,,,,,,,,,,,,,,,,,,,,,,,,,,,,,,,,,,,,,,1,,,,,,,,,,,,,
CARBOXYMETHYLCELLULOSE,Carboxymethylcellulose Calcium,117,NOT in HPE,,,,1,,,1,1,1,,,,,,,,,,,,,,,,,,,,,,,,,,,,,,,,,,,,,,,,,,,,,,,,,,,,,,,,,,,,,,,,,,,,,,,,,,,,,,,,,,,,,,,,,,,,,,,,,,,,,,,,,,,,,,,,,,,,,
COTTONSEED OIL,Cottonseed Oil,202,exact,,,,,,1,,,,,,,,,,,,,,,1,,,,,,,,,,,,,,,,,,,,,,,,,,,,,,,,,,,,,,,,,,,,,,,,,,,,,,,,,,,,,,,,,,,,,,,,,,,,,,,,,,,,,,,,,,,,,,,,,,,,,,,,,
ETHYLCELLULOSE (7 MPA.S),Ethylcellulose,262,grade_stripped,,,,1,,,,1,1,,,,,,,1,,,,,,,,,,,,,,,,,,,,,,,,,,,,,,,,,1,,,,,,,,,,,,,,,,,,,,,,,,,,,,,,,,,,,,,,,,,,,,,,,,,,,,,,,,,,,,,,,,,,,,,,,,,,,,,
ASCORBYL PALMITATE,Ascorbyl Palmitate,46,exact,,,,,,,,,,,,,,1,,,,,,,,,,,,,,,,,,,,,,,,,,,,,,,,,,,,,,,,,,,,,,,,,,,,,,,,,,,,,,,,,,,,,,,,,,,,,,,,,,,,,,,,,,,,,,,,,,,,,,,,,,,,,,,,
ANHYDROUS DEXTROSE,Dextrose,222,exact,,,1,,,,,,,,1,1,,,,,,,,,,,,,,,,,,,,,,,,,,,,,,,,,,,,,,,1,,,,,,,,,,,,,,,,,,,,,,,,,,,,,,,,,,,,,,,,,,,,,,,,,,,,,,,,,,,,,,,,,,,,,,,,,,,
"POLYVINYL ALCOHOL GRAFT POLYETHYLENE GLYCOL COPOLYMER (3:1; 45000 MW), Polyvinyl Alcohol Graft Polyethylene Glycol Copolymer (3:1; 45000 Mw)",Alcohol,17,NOT in HPE,,,,,,,,1,,,,,,,,,,,,,,,,,1,,,,,,,,,,,,,,,,,,,,,,,,,,,,,,,,,,,,,,,,,,,,,,,,,,,,,,,1,,,,,,,,,,,,,,,,,,,,,,,,,,,,,,,,,,,,,,,,,,,,,,
"TRAGACANTH, tragacanth",Tragacanth,744,exact,,,,,,,1,,1,,,,,,,,,,,,,,,,,,,,,,,,,,,,,,,,,,,,,,,,,,,,,,,,,,,,,,,,,,,,,,,,,,,,,,,,,,,,,,,,,,,,,,,,,,,,,,,,,,,,,,,,,,,,,,,,,,,,,
ETHYLCELLULOSE (45 MPA.S),Ethylcellulose,262,grade_stripped,,,,1,,,,1,1,,,,,,,1,,,,,,,,,,,,,,,,,,,,,,,,,,,,,,,,,1,,,,,,,,,,,,,,,,,,,,,,,,,,,,,,,,,,,,,,,,,,,,,,,,,,,,,,,,,,,,,,,,,,,,,,,,,,,,,
POLYETHYLENE GLYCOL 1450,Polyethylene Glycol,517,grade_stripped,,,,,,1,,,,,,,,,,,,1,1,,,,,,,,,,,,,,,,,,1,,,,,,,,,,,,,,,,,,,,,,,,,,,,,,,,,,,1,,,,,,,,,,,,,,,,,,,,,,,,,,,,,,,,,,,,,,,,,,,,,,,,,,,,,,
ethylparaben,Ethylparaben,270,exact,,1,,,,,,,,,,,,,,,,,,,,,,,,,,,,,,,,,,,,,,,,,,,,,,,,,,,,,,,,,,,,,,,,,,,,,,,,,,,,,,,,,,,,,,,,,,,,,,,,,,,,,,,,,,,,,,,,,,,,,,,,,,,,
POVIDONE K12,Povidone,581,grade_stripped,,,,1,,,1,,,,,,,,,,,,,,,,,,,,,,,,,,,,,,,,,1,,,,,,,,,,,,,,1,,,,,,,,,,,,,,,,,,,,,,,,,,,,,,,,,,,,,,,,,,,,,,,,,,,,,,,,,,,,,,,,,,,,,,,,
ALUMINUM CHLOROHYDREX PROPYLENE GLYCOL,Propylene Glycol,592,NOT in HPE,,,,,,,,,,,,,,,,,,,,,,,,,,,,,,,,,,,,,,,,,,,,,,,,,,,,,,,,,,,,,,,,,,,,,,,,,,,,,,,1,,,,,,,,,,,,,,,,,,,,,,,,,,,,,,,,,,,,,,,,,,,,,,,
SODIUM STARCH GLYCOLATE TYPE B POTATO,Sodium Starch Glycolate,663,exact,,,,,,,,,,,,,,,,,,,,,,,,,,,,,,1,,,,,,,,,,,,,,,,,,,,,,,,,,,,,,,,,,,,,,,,,,,,,,,,,,,,,,,,,,,,,,,,,,,,,,,,,,,,,,,,,,,,,,,,,,,,,,,,
"CARRAGEENAN, carrageenan",Carrageenan,122,exact,1,,,,1,,1,,1,,,,,,,,,,,,,,,,,1,,,,,,,,,,,,,,,,,,,,,,,,,,,,,,,,,,,,,,,,,,,,,,,,,,,,,,,,,,,,,,,,,,,,,,,,,,,,,,,,,,,,,1,,,,,,,,,,,,,,,
"POLYETHYLENE GLYCOL 2000000, POLYETHYLENE OXIDE 2000000, Polyethylene Glycol 2000000",Polyethylene Glycol,517,grade_stripped,,,,,,1,,,,,,,,,,,,1,1,,,,,,,,,,,,,,,,,,1,,,,,,,,,,,,,,,,,,,,,,,,,,,,,,,,,,,1,,,,,,,,,,,,,,,,,,,,,,,,,,,,,,,,,,,,,,,,,,,,,,,,,,,,,,
MICROCRYSTALLINE CELLULOSE 105,"Cellulose, Microcrystalline",129,grade_stripped,,,1,,,,1,,,,,,,,,,,,,1,,,,,,,,,,,,,,,,,,,,,,,,1,,,,,,,,,,,,,,,,,,,,,,,,,,,,,,,,,,,,,,,,,,,,,,,,,,,,,,,,,,,,,,,,,,,,,,,,,,,,,,,,,,
POLYETHYLENE GLYCOL 20000,Polyethylene Glycol,517,grade_stripped,,,,,,1,,,,,,,,,,,,1,1,,,,,,,,,,,,,,,,,,1,,,,,,,,,,,,,,,,,,,,,,,,,,,,,,,,,,,1,,,,,,,,,,,,,,,,,,,,,,,,,,,,,,,,,,,,,,,,,,,,,,,,,,,,,,
TERT-BUTYL ALCOHOL,Alcohol,17,NOT in HPE,,,,,,1,,,,,,,,,,,,,,,,,,,,,,,,,,,,,,,,,,,,,,,,,,,,,,,,,,,,,,,,,,,,,,,,,,,,,,,,,,,,,,,,,,,,,,,,,,,,,1,,,,,,,,,,,,,,,,,,,,,,,,,,,
"AMMONIUM PHOSPHATE, DIBASIC","Calcium Phosphate, Dibasic Anhydrous",94,NOT in HPE,,,,,,,,,,,,,,,1,,,,,,,1,,,,,,,,,,,,,,,,,,,,,,,,,,,,,,,,,,,,,,,,,,,,,,,,,,,,,,,,,,,,,,,,,,,,,,,,,,,,,,,,,,,,,,,,,,,,,,,,,,,,,,,,
MAGNESIUM SILICATE,Magnesium Silicate,402,exact,,,,,,,,,,,,,,,,,,,,,,,,,,,,,,,,,,,,,,1,,,,1,,,,,,,,,,,,,,,,,,,,,,,,,,,,,,,,,,,,,,,,,,,,,,,,,,,,,,,,,,,,,,,,,,,,,,,,,,,,,,,,,,,,
POLYETHYLENE GLYCOL 2000,Polyethylene Glycol,517,grade_stripped,,,,,,1,,,,,,,,,,,,1,1,,,,,,,,,,,,,,,,,,1,,,,,,,,,,,,,,,,,,,,,,,,,,,,,,,,,,,1,,,,,,,,,,,,,,,,,,,,,,,,,,,,,,,,,,,,,,,,,,,,,,,,,,,,,,
HYPROMELLOSE ACETATE SUCCINATE 16070722 (3 MM2/S),Hypromellose Acetate Succinate,330,grade_stripped,,,,,,,,,,,,,,,,,,,,,,,,,1,1,,,,,,,,,1,,,,,,,,,,,,,,,,,,,,,,,,,,,,,,,,,,,,,,,,,,,,,,,,,,,,,,,,,,,,,,,,,,,,,,1,,,,,,,,,,,,,,,,1,,,,,
POLY(METHYL ACRYLATE-CO-METHYL METHACRYLATE-CO-METHACRYLIC ACID 7:3:1; 280000 MW),Poly (DL-Lactic Acid),515,grade_stripped,,,,,,,,,,,,,,,,,,,,,,,,,,,,,,,,,,,,,,,,,,,,,,,,,,,,,,,,,,,,,,,,,,,,,,,,,,,,,,,,,,,,,,,,,,,,,,,,,,,,,,,,,,,,,,,,,,,,,,,,,,,,,,
"POLYETHYLENE GLYCOL 1500, POLYETHYLENE GLYCOL 1600",Polyethylene Glycol,517,grade_stripped,,,,,,1,,,,,,,,,,,,1,1,,,,,,,,,,,,,,,,,,1,,,,,,,,,,,,,,,,,,,,,,,,,,,,,,,,,,,1,,,,,,,,,,,,,,,,,,,,,,,,,,,,,,,,,,,,,,,,,,,,,,,,,,,,,,
ACESULFAME,Acesulfame Potassium,3,exact,,,,,,,,,,,1,,,,,,,,,,,,,,,,,,,,,,,,,,,,,,,,,,,,,,,,,,,,,,,,,,,,,,,,,,,,,,,,,,,,,,,,,,,,,,,,,,,,,,,,,,,,,,,,,,,,,,,,,,,,,,,,,,,
ETHYLCELLULOSE AQUEOUS DISPERSION TYPE B,Ethylcellulose,262,grade_stripped,,,,1,,,,1,1,,,,,,,1,,,,,,,,,,,,,,,,,,,,,,,,,,,,,,,,,1,,,,,,,,,,,,,,,,,,,,,,,,,,,,,,,,,,,,,,,,,,,,,,,,,,,,,,,,,,,,,,,,,,,,,,,,,,,,,
GLYCERYL BEHENATE/EICOSADIOATE,Glyceryl Behenate,286,exact,,,,1,,,,1,1,,,,,,,,1,,1,,,,,,,,,,,,,,,,,,,,,,,,,,,,,,,,,,,,,,,,,,,,,,,,,,,,,,,,,,,,,,,,,,,,,,,,,,,,,,,,,,,,,,,,,,,,,,,,,,,,,,,,,,,
HYDROXYPROPYL CELLULOSE (160000 WAMW),Hydroxypropyl Cellulose,317,grade_stripped,1,,,1,1,,1,1,1,,,,,,,,1,,,,,,,,,,,,,,,,,,,,,,,,,,,,,,,,,,,,,,,,,,,,,,,,,,,,,,,,,,,,,,,,,,,,,,,,,,,,,,,,,,,,,,,,,,,,,,,,,,,,,,,,,,,,,
"PEG-40 CASTOR OIL, POLYOXYL 40 CASTOR OIL",Castor Oil,126,grade_stripped,,,,,,,,,,,,,,,,,,,,,,,,,,,,,,,,,,,,,,,,,,,,,,,,,,,,,,,,,,,,,,,,,,,,,,,,,,,,,,,,,,,,,,,,,,,,,,,,,,,,,,,,,,,,,,,,,,,,,,,,,,,,,,
SACCHARIN SODIUM MONOHYDRATE,Saccharin sodium,608,NOT in HPE,,,,,,,,,,,1,,,,,,,,,,,,,,,,,,,,,,,,,,,,,,,,,,,1,,,,,,,,,,,,,,,,,,,,,,,,,,,,,,,,,,,,,,,,,,,,,,,,,,,,,,,,,,,,,,,,,,,,,,,,,,,,,,,,
GLYCERYL PALMITOSTEARATE,Glyceryl Palmitostearate,293,exact,,,1,,,,,1,,,,,,,,,,,1,,,,,,,1,,,,,,,,,,,,,,,1,,,,,,,,,,,,,,,,1,,,,1,,,,,,,,,,,,,1,,,,,,,,,,,,,,,,,,,,,,,,,,,,,,,,,,,,,,,,,,,,,,,,,,,,
"SODIUM PHOSPHATE, MONOBASIC, UNSPECIFIED FORM","Sodium Phosphate,monobasic",659,fuzzy,,,,,,,,,,,,,,,,,,,,,,,,,,,,,,,,,,,,,,,,,,,,,,,,,,,,,,,,,,,,,,,,,,,,,,,,,,,,,,,,,,,,,,,,,,,,,,,,,,,,,,,,,,,,,,,,,,,,,,,,,,,,,,
LOW-SUBSTITUTED HYDROXYPROPYL CELLULOSE (11% HYDROXYPROPYL; 120000 MW),"Hydroxypropyl Cellulose, Low-substituted",322,grade_stripped,,,,1,,,,,,,,,,,,,,,,,,,,,,,,,,1,,,,,,,,,,,,,,,,,,,,,,,,,,,,,,,,,,,,,,,,,,,,,,,,,,,,,,,,,,,,,,,,,,,,,,,,,,,,,,,,,,,,,,,,,,,,,,,,
GLYCERYL MONOOLEATE,Glyceryl Monooleate,288,exact,1,,,,,,,,,1,,,,,,,,,,,,,,,,1,,1,,,,,,,,,,,,,1,,,,,,,,,1,,1,,,,,,,1,,,,,,,,,,,,,,,,,,,,,,,,,,,,,,,,,,,,,,,,,,,,,,,,,,,,,,,,,,,,,,,,,,,
"CETOSTEARYL ALCOHOL, cetostearyl alcohol",Cetostearyl Alcohol,150,exact,1,,,,,,,,1,1,,,,,,,,,,,,,,,,,,,,,,,,,,,,,,,,,,,,,,,,,,,,,,,,,,,,,,,,,,,,,,,,,,,,,,,,,,,,,,,,,,,,,,,,,,,,,,,,,,,,,,,,,,,,,,,,,,,,
SODIUM PHOSPHATE,"Sodium Phosphate, Dibasic",656,Exact,,,,,,,,,,,,,,,1,,,,,,,,,,,,,,,,,,,,,,,,,,,,1,,,,,,,,,,,,,,,,,,,,,,,,,,,,,,,,,,,,,,,,,,,,,,,,,,,,,,,,,,,,,,,,,,,,,,,,,,,,,,,,,,,
SACCHARIN SODIUM ANHYDROUS,Saccharin Sodium,608,NOT in HPE,,,,,,,,,,,1,,,,,,,,,,,,,,,,,,,,,,,,,,,,,,,,,,,1,,,,,,,,,,,,,,,,,,,,,,,,,,,,,,,,,,,,,,,,,,,,,,,,,,,,,,,,,,,,,,,,,,,,,,,,,,,,,,,,
MAGNESIUM ALUMINUM SILICATE TYPE IIA,Magnesium Aluminum Silicate,393,grade_stripped,,,,1,1,,1,,1,,,,,,,,,,,1,,,,,,,,,,1,,,,,,,,,,,,,,,,,,,,,,,,,,,,,,,,,,,,,,,,,,,,,,,,,,,,,,,,,,,,,,,,,,,,,,,,,,,,,,,,,,,,,,,,,,,,,,,,
.ALPHA.-TOCOPHEROL ACETATE,Alpha Tocopherol,31,NOT in HPE,,,,,,,,,,,,1,,1,,,,,,,,,,,,,,,,,,,,,,,,,,,,,,,,,,,,,,,,,,,,,,,,,,,,,,,,,,,,,,,,,,,,,,,,,,,,,,,,,,,,,,,,,,,,,,,,,,,,,,,,,,,,,,,,
"Sodium Phosphate, Monobasic, Anhydrous","Sodium Phosphate, Monobasic",659,Exact,1,,,,,,,,,,,,,,1,,,,,,,,,,,,,,,,,,,,,,,,,,,,1,,,,,,,,,,,,,,,,,,,,,,,,,,,,,,,,,,,,,,,,,,,,,,,,,,,,,,,,,,,,,,,,,,,,,,,,,,,,,,,,,,,
SODIUM ACETATE ANHYDROUS,Sodium Acetate,620,Exact,,1,,,1,,,,,,,,,,1,1,,,,,,,,,,,,,,,,,,,,,,,,,,,,,,,,,,,,,,,,,,,,,,,,,,,,,,,,,,,,,,,,,,,,,,,,,,,,,,,,,,,,,,,,,,,,,,,,,,,,,,,,,,,,,,
CARBOMER HOMOPOLYMER TYPE C (ALLYL PENTAERYTHRITOL CROSSLINKED),Carbomer,110,Exact,1,,,1,1,,1,,,,,,,,,,,,,,,,,,,,,1,,,,,,,1,,,,,,,,,,,,,,,,,1,,,,,,,,,,,,,,,,,,,,,,,,,,,,,,,,,,,,,,,,,,,,,,,,,,,,,,,,,,,,,,,,,,,,1,,,,,,
CORN,Corn Oil,199,NOT in HPE,,,1,,,,,,,,,,,,,,,,,,,,,,,,,,,,,,,,,,,,,,,,,,,,,,1,,,,,,,,,,,,,,,,,,,,,,,,,,,,,,,,,,,,,,,,,,,,,,,,,,,,,,,,,,,,,,,,,,,,,,,,,,,,,
"HYPROMELLOSE ACETATE SUCCINATE, UNSPECIFIED",Hypromellose Acetate Succinate,330,exact,,,,,,,,,,,,,,,,,,,,,,,,,1,1,,,,,,,,,1,,,,,,,,,,,,,,,,,,,,,,,,,,,,,,,,,,,,,,,,,,,,,,,,,,,,,,,,,,,,,,,,,,,,,,1,,,,,,,,,,,,,,,,1,,,,,
potassium citrate,Potassium Citrate,574,exact,,,,,,,,,,,,,,,1,,,,,,,1,,,,,,,,,,,,,,,,,,,,,1,,,,,,,,,,,,,,,,,,,,,,,,,,,,,,,,,,,,,,,,,,,,,,,,,,,,,,,,,,,,,,,,,,,,,,,,,,,,,,,,,,,
DEXTROSE MONOHYDRATE,Dextrose,222,Exact,,,1,,,,,,,,1,1,,,,,,,,,,,,,,,,,,,,,,,,,,,,,,,,,,,,,,,1,,,,,,,,,,,,,,,,,,,,,,,,,,,,,,,,,,,,,,,,,,,,,,,,,,,,,,,,,,,,,,,,,,,,,,,,,,,
METHYLCELLULOSE (4000 MPA.S),Methylcellulose,438,grade_stripped,1,,,1,,,1,1,1,,,,,,,,,,,,,,,,,,,,,1,,,,,,,,,,,,,,,,,,,,,,,,,,,,,,,,,,,,,,,,,,,,,,,,,,,,,,,,,,,,,,,,,,,,,,,,,,,,,,,,,,,,,,,,,,,,,,,,
METHYLCELLULOSE (1500 MPA.S),Methylcellulose,438,grade_stripped,1,,,1,,,1,1,1,,,,,,,,,,,,,,,,,,,,,1,,,,,,,,,,,,,,,,,,,,,,,,,,,,,,,,,,,,,,,,,,,,,,,,,,,,,,,,,,,,,,,,,,,,,,,,,,,,,,,,,,,,,,,,,,,,,,,,
"CARRAGEENAN SODIUM, carrageenan sodium",Carrageenan,122,Exact,1,,,,1,,1,,1,,,,,,,,,,,,,,,,,1,,,,,,,,,,,,,,,,,,,,,,,,,,,,,,,,,,,,,,,,,,,,,,,,,,,,,,,,,,,,,,,,,,,,,,,,,,,,,,,,,,,,,1,,,,,,,,,,,,,,,
Ethyl Maltol,Ethyl Maltol,257,exact,,,,,,,,,,,,,,,,1,,,,,,,,,,,,,,,,,,,,,,,,,,,,,,1,,,,,,,,,,,,,,,,,,,,,,,,,,,,,,,,,,,,,,,,,,,,,,,,,,,,,,,,,,,,,,,,,,,,,,,,,,,,,,,,
CORN STARCH 3-E-DODECENYL SUCCINIC ANHYDRIDE MODIFIED,Starch,685,NOT in HPE,,,,,1,,1,,,,,,,,,,,,,,,,,,,,,,,,,,,,,,,,,,,,,,,,,,,,,,,,,,,,,,,,,,,,,,,,,,,,,,,,,,,,,,,,,,,,,,,,,,,,,,,,,,,,,,,,,,,,,,,,,,,,,,,
"CROSPOVIDONE (19 MPA.S AT 5%), CROSPOVIDONE (20 .MU.M)",Crospovidone,208,grade_stripped,,,,,,,,,,,,,,,,,,,,,,,,,,,,,,,,,,,,,,,,,,,,1,,,,,,,,,,,,,,,,,,,,,,,,,,,,,,,,,,,,,,,,,,,,,,,,,,,,,,,,,,,,,,,,,,,,,,,,,,,,,,,,,,
"SODIUM PHOSPHATE, MONOBASIC, DIHYDRATE","Sodium Phosphate, Monobasic",659,Exact,1,,,,,,,,,,,,,,1,,,,,,,,,,,,,,,,,,,,,,,,,,,,1,,,,,,,,,,,,,,,,,,,,,,,,,,,,,,,,,,,,,,,,,,,,,,,,,,,,,,,,,,,,,,,,,,,,,,,,,,,,,,,,,,,
HYPROMELLOSE 2208 (200000 MPA.S),Hypromellose,326,grade_stripped,1,,,1,1,,1,1,1,,,,1,,,,1,,,,,,,,1,1,,1,,,,,,,1,,,,,1,,,,,1,,1,,,,,1,,,,,,1,1,,1,,,,,,,,,,,,,,,,,,,,,,1,,,,,,,,,,,,,,,,,,,,,,,,,,1,,,,,,,,,,,,,,,,,
CARBOXYMETHYLCELLULOSE SODIUM (0.7 CARBOXYMETHYL SUBSTITUTION PER SACCHARIDE; 400 MPA.S AT 1%),Carboxymethylcellulose Sodium,118,grade_stripped,,,,1,1,,1,1,1,,,,,,,,,,,,,,,,,,,,,1,,,,,,,,,,,,,,,,,,,,,,,,,,,,,,,,,,,,,,,,,,,,,,1,,,,,,,,,,,,,,,,,,,,,,,,,,,,,,,,,,,,,,,,,,,,,,,,,,
ETHYLCELLULOSE AQUEOUS DISPERSION TYPE A,Ethylcellulose,262,exact,,,,1,,,,1,1,,,,,,,1,,,,,,,,,,,,,,,,,,,,,,,,,,,,,,,,,1,,,,,,,,,,,,,,,,,,,,,,,,,,,,,,,,,,,,,,,,,,,,,,,,,,,,,,,,,,,,,,,,,,,,,,,,,,,,,
HYDROGENATED SOYBEAN LECITHIN,Lecithin,385,NOT in HPE,1,,,,,,,,,,,,1,,,,,,,,,,,,,,,,,,,,,,,,,,,,,,,,,,,,,,,,,,,,,,,,,,,,,,,,,,,,1,,,,,,,,,,,,,,,,,,,,,,,,,,,,,,,,,,,,,,,,,,,,,,,,,,,,,
SULFUR DIOXIDE,Sulfur Dioxide,718,exact,,1,,,,,,,,,,,,1,,,,,,,,,,,,,,,,,,,,,,,,,,,,,,,,,,,,,,,,,,,,,,,,,,,,,,,,,,,,,,,,,,,,,,,,,,,,,,,,,,,,,,,,,,,,,,,,,,,,,,,,,,,,,,,,
POLYETHYLENE OXIDE 1000000,Polyethylene Oxide,522,grade_stripped,,,,1,,,,1,,,,,,,,,1,,,,,,,,,,,,,,,,,,,,,,,,,,,,,,,,,,,,,,,,,,1,,,,,,,,,,,,,,,,,,,,,,,,,,,,,,,,,,,,,,,,,,,,,,,,,,,,,,,,,,,,,,,,,,,
CORN OIL PEG-6 ESTERS,Corn Oil,199,Exact,,,,,,1,,,,,,,,,,,,,,,1,,,,,,,,,,,,,,,,,,,,,,,,,,,,,,,,,,,,,,,,,,,,,,,,,,,,,,,,,,,,,,,,,,,,,,,,,,,,,,,,,,,,,,,,,,,,,,,,,,,,,,,,,
HYDROXYPROPYL CELLULOSE (430000 WAMW),Hydroxypropyl Cellulose,317,grade_stripped,1,,,1,1,,1,1,1,,,,,,,,1,,,,,,,,,,,,,,,,,,,,,,,,,,,,,,,,,,,,,,,,,,,,,,,,,,,,,,,,,,,,,,,,,,,,,,,,,,,,,,,,,,,,,,,,,,,,,,,,,,,,,,,,,,,,,
ALUMINUM SILICATE,Magnesium Aluminum Silicate,393,Exact,,,,1,1,,1,,1,,,,,,,,,,,1,,,,,,,,,,1,,,,,,,,,,,,,,,,,,,,,,,,,,,,,,,,,,,,,,,,,,,,,,,,,,,,,,,,,,,,,,,,,,,,,,,,,,,,,,,,,,,,,,,,,,,,,,,,
"GELATIN TYPE B BOVINE (200 BLOOM), Gelatin Type B Bovine (200 Bloom)",Gelatin,278,Exact,,,,1,,,1,1,1,,,,,,,,,,,,,,,,1,,,,,,,,,,,,,,,,1,,,,,,,,,,,,,,,,,,,,,,,,,,,,,,,,,,,,,,,,,,,,,,,,,,,,,,,,,,,,,,,,,,,,,,,,,,,,,,,,,,,,,
"SODIUM PHOSPHATE, TRIBASIC, ANHYDROUS","Sodium Phosphate, Dibasic",656,Exact,,,,,,,,,,,,,,,1,,,,,,,,,,,,,,,,,,,,,,,,,,,,1,,,,,,,,,,,,,,,,,,,,,,,,,,,,,,,,,,,,,,,,,,,,,,,,,,,,,,,,,,,,,,,,,,,,,,,,,,,,,,,,,,,
SUNFLOWER OIL MONO/DIGLYCERIDES,Sunflower Oil,721,Exact,1,,,1,,1,,,,1,,,,,,,,,,,,,,,,,,,,,,,,,,,,,1,,,,,,,,,,,,,,,,,,,,,,,,,,,,,,,,,,,,,,,,,,,,,,,,,,,,,,,,,,,,,,,,,,,,,,,,,,,,,,,,,,,,,,,
maleic acid,Maleic Acid,410,exact,,,,,,,,,,,,,,,1,,,,,,,,,,,,,,,,,,,,,,,,,,,,,,,,,,,,,,,,,1,,,,,,,,,,,,,,,,,,,,,,,,,,,,,,,,,,,,,,,,,,,,,,,,,,,,,,,,,,,,,,,,,,,,,,
POLYETHYLENE GLYCOL 100000,Polyethylene Glycol,517,grade_stripped,,,,,,1,,,,,,,,,,,,1,1,,,,,,,,,,,,,,,,,,1,,,,,,,,,,,,,,,,,,,,,,,,,,,,,,,,,,,1,,,,,,,,,,,,,,,,,,,,,,,,,,,,,,,,,,,,,,,,,,,,,,,,,,,,,,
STEARYL ALCOHOL,Stearyl Alcohol,700,exact,,,,,,,,,,,,,,,,,,,,,,,,,,,,,,,,,,1,,,,,,,,,,,,,,,,,,,,,,,,,,,,,,,,,,,,,,,,,,,,,,,,,,,,,,,,,,,,,,,,,,,,,,,,,,,,,,,,,,,,,,,,,,,,
HYDROXYPROPYL BETADEX,Hydroxypropyl Betadex,315,exact,,,,,1,,,,,,,,1,,,,,,,,,,,,,,,,,,,,,,,,,,,1,,,1,,,,,,,,1,,,,,,,,,,1,,,,,,1,,,,,,,,,,,,,,,,,,,,,,,,,,,,,,,,,,,,,,,,,,,,,,,,,,,,,,,,,,,
"COCONUT OIL, coconut oil",Coconut Oil,184,exact,,,,,,,,,,1,,,,,,,,,,,,,,,,,,,,,,,,,,,1,,,,,,,,,,,,,,,,,,,,,,,,,,,,,,,,,,,,,,,,,,,,,,,,,,,,,,,,,,,,,,,,,,,,,,,,,,,,,,,,,,,,,,,,,
SODIUM ASCORBATE,Sodium Ascorbate,625,exact,,,,,,,,,,,,1,,1,,,,,,,,,,,,,,,,,,,,,,,,,,,,,,,,,,,,,,,,,,,,,,,,,,,,,,,,,,,,,,,,,,,,,,,,,,,,,,,,,,,,,,,,,,,,,,,,,,,,,,,,,,,,,,,,
propylene glycol alginate,Propylene Glycol Alginate,594,exact,1,,,,1,,1,,1,,,,,,,,,,,,,,,,,,,,,,,,,,,,,,,,,,,,,,,,,,,,,,,,,,,,,,,,,,,,,,,,,,,,,,,,,,,,,,,,,,,,,,,,,,,,,,,,,,,1,,,,,,,,,,,,,,,,,,
EGG PHOSPHOLIPIDS,Phospholipids,499,Exact,1,,,,,,1,,,,,,1,,,,,,,,,,,,,,1,1,,,,,,,,,,,,,,,,,1,,,,,1,,,,,,,1,,,,,,1,,1,,,,,,,,,,,,,,,,,,,,,,,,,,,,,,,,,,,,,,,,,,,,,,,,,1,,,,,,,,,,,,
GELATIN TYPE B BOVINE (160 BLOOM),Gelatin,278,Exact,,,,1,,,1,1,1,,,,,,,,,,,,,,,,1,,,,,,,,,,,,,,,,1,,,,,,,,,,,,,,,,,,,,,,,,,,,,,,,,,,,,,,,,,,,,,,,,,,,,,,,,,,,,,,,,,,,,,,,,,,,,,,,,,,,,,
POLOXAMER 124,Poloxamer,506,grade_stripped,1,,,,,,,,,,,,1,,,,,,,,,,,,,,1,,,,,,,,,,,,,,,,,,1,,,,,,,,,,,,,,,,,,,,,,,,,,,,,,,,,,,,,,,,,,,,,,,,,,,,,,,,,,,,,,,,,,,,,,,,,,,,,,1,,,
SILICON,Colloidal Silicon Dioxide,185,NOT in HPE,,,,,,,,,,,,,,,,,,,,,,,,,,,,,,,,,,,,,,1,,,,1,,,,,,,,,,,,,,,,,,,,,,,,,,,,,,,,,,,,,,,,,,,,,,,,,,,,,,,,,,,,,,,,,,,,,,,,,,,,,,,,,,,,
POLYETHYLENE GLYCOL 800,Polyethylene Glycol,517,grade_stripped,,,,,,1,,,,,,,,,,,,1,1,,,,,,,,,,,,,,,,,,1,,,,,,,,,,,,,,,,,,,,,,,,,,,,,,,,,,,1,,,,,,,,,,,,,,,,,,,,,,,,,,,,,,,,,,,,,,,,,,,,,,,,,,,,,,
SULFURIC ACID,Sulfuric Acid,719,exact,,,,,,,,,,,,,,,,,,,,,,,,,,,,,,,1,,,,,,,,,,,,,,,,,,,,,,,,,,,,,,,,,,,,,,,,,,,,,,,,,,,,,,,,,,,,,,,,,,,,,,,,,,,,,,,,,,,,,,,,,,,,,,,
ETHYL VANILLIN,Ethyl Vanillin,261,exact,,,,,,,,,,,,,,,,1,,,,,,,,,,,,,,,,,,,,,,,,,,,,,,,,,,,,,,,,,,,,,,,,,,,,,,,,,,,,,,,,,,,,,,,,,,,,,,,,,,,,,,,,,,,,,,,,,,,,,,,,,,,,,,
SODIUM PROPIONATE ANHYDROUS,Sodium Propionate,661,Exact,,1,,,,,,,,,,,,,,,,,,,,,,,,,,,,,,,,,,,,,,,,,,,,,,,,,,,,,,,,,,,,,,,,,,,,,,,,,,,,,,,,,,,,,,,,,,,,,,,,,,,,,,,,,,,,,,,,,,,,,,,,,,,,
MALTOL,Maltol,421,exact,,,,,,,,,,,,,,,,1,,,,,,,,,,,,,,,,,,,,,,,,,,,,,,1,,,,,,,,,,,,,,,,,,,,,,,,,,,,,,,,,,,,,,,,,,,,,,,,,,,,,,,,,,,,,,,,,,,,,,,,,,,,,,,,
"POTASSIUM PHOSPHATE, MONOBASIC","Sodium Phosphate, Monobasic",660,Exact,1,,,,,,,,,,,,,,1,,,,,,,,,,,,,,,,,,,,,,,,,,,,1,,,,,,,,,,,,,,,,,,,,,,,,,,,,,,,,,,,,,,,,,,,,,,,,,,,,,,,,,,,,,,,,,,,,,,,,,,,,,,,,,,,
PROPYLENE GLYCOL MONOLAURATE,Propylene Glycol,592,Exact,,1,,,1,1,,,,,,,,,,,,1,,,,,,1,,,,,1,,,,,,,,,,,,,,,,,,,,,,,,,,,,,,,,,,,,,,,,,,,,,,,,,,,,,,,,,,,,,,,,,,,,,,,,,,,,,,,,,,,,,,,,,,,,,,,,,1
"SODIUM PHOSPHATE, MONOBASIC, MONOHYDRATE","Sodium Phosphate, Monobasic",659,Exact,1,,,,,,,,,,,,,,1,,,,,,,,,,,,,,,,,,,,,,,,,,,,1,,,,,,,,,,,,,,,,,,,,,,,,,,,,,,,,,,,,,,,,,,,,,,,,,,,,,,,,,,,,,,,,,,,,,,,,,,,,,,,,,,,
"STARCH, WHEAT",Starch,685,exact,,,1,1,,,,,,,,,,,,,1,,,,,,,,,,,,,1,,,,,,,,,,,,,,,,,,,,,,,,,,,,,,,,,,,,,,,,,,,,,,,,,,,,,,,,,,,,,,,,,,,,,,,,,,,,,,,,,,,,,,,,,,,,,,,,
EDETATE SODIUM,Edetic Acid,249,Exact,,,,,,,,,,,,,,,,,,,,,,,,,,,,,,,,,,,,,,,,,,,,,,,,,,,,,1,,,,,,,,,,,,,,,,,,,,,,,,,,,,,,,,,,,,,,,,,,,,,,,,,,,,,,,,,,,,,,,,,,,,,,,,,
DOCUSATE SODIUM/SODIUM BENZOATE,Docusate Sodium,244,Exact,,,,,,,,,,,,,,,,,,,,,,,,,,,1,,,,,,,,,,,,,,,,,,,,,,,,,,,,,,,,,,,,1,,,,,,,,,,,,,,,,,,,,,,,,,,,,,,,,,,,,,,,,,,,,1,,,,,,,,,,,,,,,,,,,
HYDROXYETHYL CELLULOSE (100 MPA.S AT 2%),Hydroxyethyl Cellulose,311,grade_stripped,,,,1,,,1,1,1,,,,,,,,1,,,,,,,,,,,,,,,,,,,,,,,,,,,,,,,,,,,,,,,,,,,,,,,,,,,,,,,,,,,,,,,,,,,,,,,,,,,,,,,,,,,,,,,,,,,,,,,,,,,,,,,,,,,,,
CALCIUM,Calcium Acetate,82,Exact,,1,,,,,,,,,,1,,,,,,,,,,,,,,,,,,,,,,,,,,,,,,,1,,,,,,,,,,,,,,,,,,,,,,,,,,,,,,,,,,,,,,,,,,,,,,,,,,,,,,,,,,,,,,,,,,,,,,,,,,,,,,,,,,,
VINYL ACETATE,Ethylene Vinyl Acetate,268,Exact,,,,,,,,,,,,,,,,,,,,,,,,,,,,,,,,,,,,,,,,,,,,,,,,,,,,,,,,,,,,,,,,,,,,,,,,,,,,,,,,,,,,,,,,,,,,,,,,,,,,,,,,,,,,,,,,,,,,,,,,,,,,1,,
"SILICIFIED MICROCRYSTALLINE CELLULOSE (125 .MICRO.M, HIGH-DENSITY)","Cellulose, Microcrystalline",129,Exact,,,1,,,,1,,,,,,,,,,,,,1,,,,,,,,,,,,,,,,,,,,,,,,1,,,,,,,,,,,,,,,,,,,,,,,,,,,,,,,,,,,,,,,,,,,,,,,,,,,,,,,,,,,,,,,,,,,,,,,,,,,,,,,,,,
"PROPYLENE GLYCOL, (R)-",Propylene Glycol,592,exact,,1,,,1,1,,,,,,,,,,,,1,,,,,,1,,,,,1,,,,,,,,,,,,,,,,,,,,,,,,,,,,,,,,,,,,,,,,,,,,,,,,,,,,,,,,,,,,,,,,,,,,,,,,,,,,,,,,,,,,,,,,,,,,,,,,,1
MICROCRYSTALLINE CELLULOSE 301,"Cellulose, Microcrystalline",129,grade_stripped,,,1,,,,1,,,,,,,,,,,,,1,,,,,,,,,,,,,,,,,,,,,,,,1,,,,,,,,,,,,,,,,,,,,,,,,,,,,,,,,,,,,,,,,,,,,,,,,,,,,,,,,,,,,,,,,,,,,,,,,,,,,,,,,,,
"CARBOMER HOMOPOLYMER, UNSPECIFIED TYPE",Carbomer,110,Exact,1,,,1,1,,1,,,,,,,,,,,,,,,,,,,,,1,,,,,,,1,,,,,,,,,,,,,,,,,1,,,,,,,,,,,,,,,,,,,,,,,,,,,,,,,,,,,,,,,,,,,,,,,,,,,,,,,,,,,,,,,,,,,,1,,,,,,
MALTOSE,Maltose,422,exact,,,,,,,,,,,1,,,,,,,,,,,,,,,,,,,,,,,,,,,,,,,,,,,,,,,,,,,,1,,,,,,,,,,,,,,,,,,,,,,,,,,,,,,,,,,,,,,,,,,,,,,,,,,,,,,,,,,,,,,,,,,,,,,,
MAGNESIUM ALUMINUM SILICATE TYPE IC,Magnesium Aluminum Silicate,393,grade_stripped,,,,1,1,,1,,1,,,,,,,,,,,1,,,,,,,,,,1,,,,,,,,,,,,,,,,,,,,,,,,,,,,,,,,,,,,,,,,,,,,,,,,,,,,,,,,,,,,,,,,,,,,,,,,,,,,,,,,,,,,,,,,,,,,,,,,
HIGH FRUCTOSE CORN SYRUP,Fructose,273,Exact,,,,,,,,,,,1,,,,,1,,,,,,,,,,,,,,,,,,,,,,,,1,,,,,,,,,,,,,,,1,,,,,,,,,,,,,,,,,,,,,,,,,,,,,,,,,,,,,,,,,,,,,,,,,,,,,,,,,,,,,,,,,,,,,,,
TITANIUM,Titanium Dioxide,741,Exact,,,,,,,,1,,,,,,,,,,,,,,,,,,,,,,,,,,,,,,,,,,,,,,,,1,,,,,,,,,,,,,,,,,,,,,,,,,,,,,,,,,,,,,,,,,,,,,,,,,,,,,,,,,,,,,,,,,,,,,1,,,,,,,,,
CETYLPYRIDINIUM CHLORIDE,Cetylpyridinium Chloride,157,exact,,1,,,,,,,,,,,1,,,,,,,,,,1,1,,,1,,,,,,,,,,,,,,,,,,,,,,,,,,,,,,,,,,,,,,1,,,,,,,,,,,,,,,,,,,,,,,,,,,,,,,,,,,,,,,,,,,,,,,,,,,,,,,,,,,,,
NEOTAME,Neotame,460,exact,,,,,,,,,,,1,,,,,,,,,,,,,,,,,,,,,,,,,,,,,,,,,,,1,,,,,,,,,,,,,,,,,,,,,,,,,,,,,,,,,,,,,,,,,,,,,,,,,,,,,,,,,,,,,,,,,,,,,,,,,,,,,,,,
CALCIUM ALGINATE,Calcium Alginate,83,exact,1,,,,1,,,,,,,,,,,,1,,,,,,,,,,,,,,,,,,,,,,,,,,,1,,,,,,,,,,,,,,,,,,,,,,,,,,,,,,,,,,,,,,,,,,,,,,,,,,,,,,,,,,,,,,,,,,,,,,,,,,,,,,,,,,
SILICIFIED MICROCRYSTALLINE CELLULOSE (125 .MICRO.M),"Cellulose, Silicified Microcrystalline",139,grade_stripped,,,1,,,,,,,,,,,,,,,,,,,,,,,,,,,,,,,,,,,,,,,,,,,,,,,,,,,,,,,,,,,,,,,,,,,,,,,,,,,,,,,,,,,,,,,,,,,,,,,,,,,,,,,,,,,,,,,,,,,,,,,,,,,
CARBOMER HOMOPOLYMER TYPE B (ALLYL PENTAERYTHRITOL OR ALLYL SUCROSE CROSSLINKED),Carbomer,110,Exact,1,,,1,1,,1,,,,,,,,,,,,,,,,,,,,,1,,,,,,,1,,,,,,,,,,,,,,,,,1,,,,,,,,,,,,,,,,,,,,,,,,,,,,,,,,,,,,,,,,,,,,,,,,,,,,,,,,,,,,,,,,,,,,1,,,,,,
HYDROXYPROPYL CELLULOSE (45000 WAMW),Hydroxypropyl Cellulose,317,grade_stripped,1,,,1,1,,1,1,1,,,,,,,,1,,,,,,,,,,,,,,,,,,,,,,,,,,,,,,,,,,,,,,,,,,,,,,,,,,,,,,,,,,,,,,,,,,,,,,,,,,,,,,,,,,,,,,,,,,,,,,,,,,,,,,,,,,,,,
SODIUM,Carboxymethylcellulose Sodium,118,NOT in HPE,,,,,,,,,,,,,,,,,,,,,,1,,,,,,,,,,,,,,,,,,,,,,,,,,,,,,,,,,,,,,,,,,,,,,,,,,,,,,,,,,,,,,,,,,,,,,,,,,,,,,,,,,,,,,,,,,,,,,,,,,,,,,,,
MICROCRYSTALLINE CELLULOSE 302,"Cellulose, Microcrystalline",129,grade_stripped,,,1,,,,1,,,,,,,,,,,,,1,,,,,,,,,,,,,,,,,,,,,,,,1,,,,,,,,,,,,,,,,,,,,,,,,,,,,,,,,,,,,,,,,,,,,,,,,,,,,,,,,,,,,,,,,,,,,,,,,,,,,,,,,,,
PHENOXYETHANOL,Phenoxyethanol,488,exact,,1,,,,,,,,,,,,,,,,,,,,,,1,,,,,,,,,,,,,,,,,,,,,,,,,,,,,,,,,,,,,,,,,,,,,,,,,,,,,,,,,,,,,,,,,,,,,,,,,,,,,,,,,,,,,,,,,,,,,,,,,,,,,,
SODIUM GLYCOLATE,Sodium Starch Glycolate,663,NOT in HPE,,,,,,,,,,,,,,,,,,,,,,,,,,,,,,,,,,,,,,,,,,,,1,,,,,,,,,,1,,,,,,,,,,,,,,,,,,,,,,,,,,,,,,,,,,,,,,,,,,,,,,,,,,,,,,,,,,,,,,,,,,,,,,,,
PROPYLENE GLYCOL DICAPRYLATE/DICAPRATE,Propylene Glycol,592,Exact,,1,,,1,1,,,,,,,,,,,,1,,,,,,1,,,,,1,,,,,,,,,,,,,,,,,,,,,,,,,,,,,,,,,,,,,,,,,,,,,,,,,,,,,,,,,,,,,,,,,,,,,,,,,,,,,,,,,,,,,,,,,,,,,,,,,1
HYDROXYMETHYL CELLULOSE,Hypromellose,326,Exact,1,,,1,1,,1,1,1,,,,1,,,,1,,,,,,,,1,1,,1,,,,,,,1,,,,,1,,,,,1,,1,,,,,1,,,,,,1,1,,1,,,,,,,,,,,,,,,,,,,,,,1,,,,,,,,,,,,,,,,,,,,,,,,,,1,,,,,,,,,,,,,,,,,
"MENTHYL LACTATE, (-)-",Ethyl Lactate,256,NOT in HPE,,,,,,,,,,,,,,,,,,,,,,,,,,,,,,,,,,,,,,,,,,,,,,1,,,,,,,,,,,,,,,,,,,,,,,,,,,,,,,,,,,,,,,,,,,,,,,,,,,,1,,,,,,,,,,,,,,,,,,,,,,,,,,,,
SODIUM STARCH GLYCOLATE TYPE B,Sodium Starch Glycolate,663,grade_stripped,,,,,,,,,,,,,,,,,,,,,,,,,,,,,,1,,,,,,,,,,,,,,,,,,,,,,,,,,,,,,,,,,,,,,,,,,,,,,,,,,,,,,,,,,,,,,,,,,,,,,,,,,,,,,,,,,,,,,,,,,,,,,,,
BORIC ACID,Boric Acid,68,exact,,1,,,,,,,,,,,,,1,,,,,,,,,,,,,,,,,,,,,,,,,,,,,,,,,,,,,,,,,,,,,,,,,,,,,,,,,,,,,,,,,,,,,,,,,,,,,,,,,,,,,,,,,,,,,,,,,,,,,,,,,,,,,,,
AMMONIUM ALGINATE,Ammonium Alginate,41,exact,1,,,,1,,,,,,,,,,,,1,,,,,,,,1,,,,1,,,,,,,,,,1,,,,,,,,,,,,,,,,,,,,,,,,,,,,,,,,,,,,,,,,,,,,,,,,,,,,,,,,,,,,,,,,,,,,,,,,,,,,,,,,,,,,,,,
GLYCERYL MONOLINOLEATE,Glyceryl Monooleate,288,NOT in HPE,1,,,,,,,,,,,,1,,,,,,,,,,,,,,,,,,,,,,,,,,,,,,,,,,,,,,,,,,,,,,,,,,,,,,,,,,1,,,,,,,,,,,,,,,,,,,,,,,,,,,,,,,,,,,,,,,,,,,,,,,,,,,,,,,
SUNFLOWER OIL,Sunflower Oil,721,exact,1,,,1,,1,,,,1,,,,,,,,,,,,,,,,,,,,,,,,,,,,,1,,,,,,,,,,,,,,,,,,,,,,,,,,,,,,,,,,,,,,,,,,,,,,,,,,,,,,,,,,,,,,,,,,,,,,,,,,,,,,,,,,,,,,,
PROPYLENE GLYCOL MONOCAPRYLATE,Propylene Glycol,592,NOT in HPE,1,,,,,,,,,,,,1,,,,,,,,,,,,,,,,,,,,,,,,,,,,,,,,,,,,,,,,,,,,,,,,,,,,,,,,,,,,,,,,,,,,,,,,,,,,,,,,,,,,,,1,,,,,,,,,,,,,,,,,,,,,,,,,,,
CETYL ACETATE,Ethyl Acetate,253,NOT in HPE,,,,,,,,,,1,,,,,,,,,,,1,,,,,,,,,,,,,,,,,,,,,,,,,,,,,,,,,,,,,,,,,,,,,,,,,,,,,,,,,,,,,,,,,,,,,,,,,,,,,,,,,,,,,,,,,,,,,,,,,,,,,,,,,
SUNFLOWER SEED OIL GLYCERETH-8 ESTERS,Sunflower Oil,721,Exact,1,,,1,,1,,,,1,,,,,,,,,,,,,,,,,,,,,,,,,,,,,1,,,,,,,,,,,,,,,,,,,,,,,,,,,,,,,,,,,,,,,,,,,,,,,,,,,,,,,,,,,,,,,,,,,,,,,,,,,,,,,,,,,,,,,
ETHYLCELLULOSE (4 MPA.S),Ethylcellulose,262,grade_stripped,,,,1,,,,1,1,,,,,,,1,,,,,,,,,,,,,,,,,,,,,,,,,,,,,,,,,1,,,,,,,,,,,,,,,,,,,,,,,,,,,,,,,,,,,,,,,,,,,,,,,,,,,,,,,,,,,,,,,,,,,,,,,,,,,,,
"CAPRYLOCAPROYL POLYOXYLGLYCERIDES, UNSPECIFIED",Polyoxylglycerides,557,Exact,1,,,,,,,,,,,,1,,,,,,,,,,,,,1,,,,,,,,,,,,,,1,,,,,,,,,,1,,,,,,,,,,1,,,,,,,,,,,,,,,,,,,,,,,,,,,,,,,,,,,,,,,,,,,,,,,,,,,,,,,,,,,,,,,,,,
Polacrilin,Polacrilin Potassium,504,Exact,,,,,,,,,,,,,,,,,,,,,,,,,,,,,,1,,,,,,,,,,,,,,,,,,,,,,,,,,,,,,,,,,,,,,,,,,,,,,,,,,,,,,,,,,,,,,,,,,,,,,,,,,,,,,,,,,,,,,,,,,,,,,,,
GLYCINE HYDROCHLORIDE,Glycine,295,Exact,,,,,,,,,,,,,,,1,,,,,,,,,,,,1,,,,,,,,,,,,,,,,,1,,,,,,,,,,,,,,,,,,,,,,,,1,,,,,,,,,,,,,1,,,,,,,,,,,,1,,,,,,,,,,,,,,,,,,,,,,,,,,,,,,,,,
PROPYLENE GLYCOL MONO- AND DICAPRYLATE,Propylene Glycol,592,NOT in HPE,1,,,,,,,,,,,,,,,,,,,,,,,,,,,,,,,,,,,,,,,,,,,,,,,,,,,,,,,,,,,,,,,,,,,,,,,,,,,,,,,,,,,,,,,,,,,,,,,,,,1,,,,,,,,,,,,,,,,,,,,,,,,,,,
SUCROSE PALMITATE,Sucrose,703,Exact,,,1,1,,,1,1,1,,1,1,,,,,,,,,,,,,,,,,,,,,,,,,,,,,,,,,,,1,,1,,,,,,,,,,,,,,,,,,,,,,,,,,,,,,,,,,,,,,,,,,,,,,,,1,,,,,,,,,,,,,,,,,,,,,,,,,,,,,
PALMITIC ACID,Palmitic Acid,473,exact,1,,,,,,,,,,,,,,,,,,1,,,,,,,,,,,,,,1,,,,,,,,,,,,,,,,,,,,,,,,,,,,,,,,,,,,,,,,,,,,,,,,,,,,,,,,,,,,,,,,,,,,,,,,,,,,,,,,,,,,,,,,,,,,,
Magnesium Aluminum Silicate Type Ia,Magnesium Aluminum Silicate,393,grade_stripped,,,,1,1,,1,,1,,,,,,,,,,,1,,,,,,,,,,1,,,,,,,,,,,,,,,,,,,,,,,,,,,,,,,,,,,,,,,,,,,,,,,,,,,,,,,,,,,,,,,,,,,,,,,,,,,,,,,,,,,,,,,,,,,,,,,,
STEARIC ACID D7,Stearic Acid,697,Exact,1,,,,,,,,,,,,1,,,,,,1,,,,,,,,,,,,,,,,,,,,,,,,,,,,,,,,,,,,,,,,,,,,,,,,,,,,,,,,,,,,,,,,,,,,,,,,,,,,,,,,,,,,,,,,,,,,,,,,,,,,,,,,,,,
DIBUTYL PHTHALATE,Dibutyl Phthalate,225,exact,,,,,,1,,,,,,,,,,,,1,,,,,,,1,,,,,,,,,,,,,,,,,,,,,,,,,,,,,,,,,,,,,,,,,,,,,,,,,,,,,,,,,,,,,,,,,,,,,,,,,,,,,,,,,,,,,,,,,,,,,,,,,,,,,
CALCIUM ACETATE,Calcium Acetate,82,exact,,1,,,,,,,,,,1,,,,,,,,,,,,,,,,,,,,,,,,,,,,,,,1,,,,,,,,,,,,,,,,,,,,,,,,,,,,,,,,,,,,,,,,,,,,,,,,,,,,,,,,,,,,,,,,,,,,,,,,,,,,,,,,,,,
DIMETHICONE 410,Dimethicone,233,grade_stripped,,,,,,,,,,1,,,,,,,,,,,,,,,,,,,,,,,,,,,,,,,,,,,,,,,,,,,,,,,,,,,,,,1,,,,,,,,,,,,,,,,,,,,,1,,,,,,,,,,,,,,,,,,,,,,,,,,,,,,,,,,,,,,,,,
"Propylene Glycol 1,2-Distearate",Propylene Glycol,592,grade_stripped,,1,,,1,1,,,,,,,,,,,,1,,,,,,1,,,,,1,,,,,,,,,,,,,,,,,,,,,,,,,,,,,,,,,,,,,,,,,,,,,,,,,,,,,,,,,,,,,,,,,,,,,,,,,,,,,,,,,,,,,,,,,,,,,,,,,1
CROSCARMELLOSE,Croscarmellose Sodium,206,Exact,,,,,,,,,,,,,,,,,,,,,,,,,,,,,,1,,,,,,,,,,,,,,,,,,,,,,,,,,,,,,,,,,,,,,,,,,,,,,,,,,,,,,,,,,,,,,,,,,,,,,,,,,,,,,,,,,,,,,,,,,,,,,,,
SUCROSE LAURATE,Sucrose,703,Exact,,,1,1,,,1,1,1,,1,1,,,,,,,,,,,,,,,,,,,,,,,,,,,,,,,,,,,1,,1,,,,,,,,,,,,,,,,,,,,,,,,,,,,,,,,,,,,,,,,,,,,,,,,1,,,,,,,,,,,,,,,,,,,,,,,,,,,,,
POLOXAMER 181,Poloxamer,506,grade_stripped,1,,,,,,,,,,,,1,,,,,,,,,,,,,,1,,,,,,,,,,,,,,,,,,1,,,,,,,,,,,,,,,,,,,,,,,,,,,,,,,,,,,,,,,,,,,,,,,,,,,,,,,,,,,,,,,,,,,,,,,,,,,,,,1,,,
AMMONIUM CHLORIDE,Ammonium Chloride,42,exact,,,,,,,,,,,,1,,,,,,,,,,,,,,,,,,,1,,,,,,,,,,,,,,,,,,,,,,,,,,,,,,,,,,,,,,,,,,,,,,,,,,,,,,,,,,,,,,,,,,,,,,,,,,,,,,,,,,,,,,,,,,,,,,,
TRICAPRILIN,Tricaprylin,751,Exact,,,,,,1,,,,1,,,1,,,,,,,,,,,,,,,,,,,,,,,1,,,,,,,,,,,,,,,,,,,,,,,,,,,,,,,,,,,1,,,,,,,,,,,,,,,,,,,,,,,,,,,,,,,,,,,,,,,,,,,,,,,,,,,,,,,
CALCIUM CHLORIDE,Calcium Chloride,89,exact,,1,,,,,,,,,,1,,,,,,,,,,,,,,,,,,,,,,,,,,,,,,,,,,,,,,,,,,,,,,,,,,,,,,,,,,,,,,,,1,,,,,,,,,,,,,,,,,,,,,,,,,,,,,,,,,,,,,,,,,,,,,,,,,,
PEG-55 HYDROGENATED CASTOR OIL,"Castor Oil, Hydrogenated",128,Exact,,,,,,,,,,,,,,,,,,,1,,,,,,,,,,,,,,,1,,,,,,,,,,,,,,,,,,,,,,,,1,,,,,,,,,,,,,,,,,,,,,,,,,,,,,,,,,,,,,,,,,,,,,,,,,,,,,,,,,,,,,,,,,,,,
WATER O-15,Water,766,Exact,,,,,,1,,,,,,,,,,,,,,,,,,,,,,,,,,,,,,,,,,,,,,,,,,,,,,,,,,,,,,,,,,,,,,,,,,,,,,,,,,,,,,,,,,,,,,,,,,,,,,,,,,,,,,,,,,,,,,,,,,,,,,,,
SODIUM SULFATE,Sodium Lauryl Sulfate,651,NOT in HPE,,,,,,,,,,,,,,,,,,,,,,,,,,,,,,,,,,,,,,,,,,,,,,,,,,,,,,,,,,,,,,,,,,,,,,,,,,,,,,,,,,,,,,,,,,,,,1,,,,,,,,,,,,,,,,,,,,,,,1,,,,,,,,,,
SILICIFIED MICROCRYSTALLINE CELLULOSE (50 .MICRO.M),"Cellulose, Silicified Microcrystalline",139,grade_stripped,,,1,,,,,,,,,,,,,,,,,,,,,,,,,,,,,,,,,,,,,,,,,,,,,,,,,,,,,,,,,,,,,,,,,,,,,,,,,,,,,,,,,,,,,,,,,,,,,,,,,,,,,,,,,,,,,,,,,,,,,,,,,,,
IRON,Iron Oxides,340,NOT in HPE,,,,,,,,,,,,,,,,,,,,,,,,,,,,,,,,,,,,,,,,,,,,,,,,,,,,,,,,,,,,,,,,,,1,,,,,,,,,,,,,,,,,,,,,,,,,,,,,,,,,,,,,,,,,,,,,,,,,,,1,,,,,,,,,
"LYSOPHOSPHATIDYLCHOLINE, SOYBEAN",Soybean Oil,682,NOT in HPE,1,,,,,,,,,,,,1,,,,,,,,,,,,,,,,,,,,,,,,,,,,,,,,,,,,,,,,,,,,,,,,,,,,,,,,,,,,1,,,,,,,,,,,,,,,,,,,,,,,,,,,,,,,,,,,,,,,,,,,,,,,,,,,,,
gelatin type b bovine (230 bloom),Gelatin,278,exact,,,,1,,,1,1,1,,,,,,,,,,,,,,,,1,,,,,,,,,,,,,,,,1,,,,,,,,,,,,,,,,,,,,,,,,,,,,,,,,,,,,,,,,,,,,,,,,,,,,,,,,,,,,,,,,,,,,,,,,,,,,,,,,,,,,,
".ALPHA.-TOCOPHEROL ACETATE, DL-",Alpha Tocopherol,31,NOT in HPE,,,,,,,,,,,,1,,1,,,,,,,,,,,,,,,,,,,,,,,,,,,,,,,,,,,,,,,,,,,,,,,,,,,,,,,,,,,,,,,,,,,,,,,,,,,,,,,,,,,,,,,,,,,,,,,,,,,,,,,,,,,,,,,,
ALUMINUM,Aluminum Hydroxide Adjuvant,34,NOT in HPE,,,,,,,,,,,,,,,,,,,,,,,,,,,,,,,,,,,,,,,,,,,,,,,,,,,,,,,,,,,,,,,,,,,,,,,,,,,1,,,,1,,,,,,,,,,,,,,,,,,,,,,,,,,,,,,,,,,,,,,,,,,,,,,,
"SILICA, TRIMETHYLSILYL CAPPED",Hydrophobic Colloidal Silica,309,NOT in HPE,,,,,,,,,,,,,,,,,1,,,,,,,,,,,,,,,,,,,,,1,,,,1,,,,,,,,,,,,,,,,,,,,,,,,,,,,,,,,,,,,,,,,,,,,,,,,,,,,,,,,,,,,,,,,,,,,,,,,,,,,,,,,,,,,
MYRISTIC ACID,Myristic Acid,455,exact,1,,,,,,,,,,,,,,,,,,1,,,,,,,,,,,,,,1,,,,,,,,,,,,,,,,,,,,,,,,,,,,,,,,,,,,,,,,,,,,,,,,,,,,,,,,,,,,,,,,,,,,,,,,,,,,,,,,,,,,,,,,,,,,,
POVIDONE K27,Povidone,581,grade_stripped,,,,1,,,1,,,,,,,,,,,,,,,,,,,,,,,,,,,,,,,,,1,,,,,,,,,,,,,,1,,,,,,,,,,,,,,,,,,,,,,,,,,,,,,,,,,,,,,,,,,,,,,,,,,,,,,,,,,,,,,,,,,,,,,,,
Methylcellulose (25 CPS),Methylcellulose,438,grade_stripped,1,,,1,,,1,1,1,,,,,,,,,,,,,,,,,,,,,1,,,,,,,,,,,,,,,,,,,,,,,,,,,,,,,,,,,,,,,,,,,,,,,,,,,,,,,,,,,,,,,,,,,,,,,,,,,,,,,,,,,,,,,,,,,,,,,,
"POTASSIUM PHOSPHATE, DIBASIC","Sodium Phosphate, Dibasic",656,Exact,,,,,,,,,,,,,,,1,,,,,,,,,,,,,,,,,,,,,,,,,,,,1,,,,,,,,,,,,,,,,,,,,,,,,,,,,,,,,,,,,,,,,,,,,,,,,,,,,,,,,,,,,,,,,,,,,,,,,,,,,,,,,,,,
"SODIUM PHOSPHATE, TRIBASIC, DODECAHYDRATE","Sodium Phosphate, Dibasic",656,Exact,,,,,,,,,,,,,,,1,,,,,,,,,,,,,,,,,,,,,,,,,,,,1,,,,,,,,,,,,,,,,,,,,,,,,,,,,,,,,,,,,,,,,,,,,,,,,,,,,,,,,,,,,,,,,,,,,,,,,,,,,,,,,,,,
LEUCINE,Leucine,387,exact,,,,,,,,,,,,,,,,1,,,,,,,,,,,,,,,,,,,,1,,,,,,,,,,,,,,,,,,,,,,,,,,,,,,,,,,,,,,,,,,,,,,,,,,,,1,,,,,,,,,,,,,,,,,,,,,,,,,,,,,,,,,,,,,,
1-VINYL-2-PYRROLIDONE,Pyrrolidone,600,NOT in HPE,,,,,,,1,,,,,,,,,,,,,,,,,,,,,,,,,,,,,,,,,,,,,,,,,,,,,,,,,,,,,,,,,,,,1,,,,,,,,,,,,,1,,,,,,,,,,,,,,,,,,,,,,,,,,,,,,,,,,,,,,,,,,,,,,
Polyvinyl Alcohol (130000 MW),Polyvinyl Alcohol,564,grade_stripped,,,,,1,,,1,1,,,,,,,,,,,,,,,,,,,,,,,,,,,1,,,,,,,,,,,,,,,,,,,,,,,,,,,,,,,,,,,,,,,,,,,,,,,,,,,,,,,,,,,,,,,,,,,,,,,,,,,,,,,,,,,,,,,,,,
CARBOMER COPOLYMER TYPE A (ALLYL PENTAERYTHRITOL CROSSLINKED),Carbomer,110,exact,1,,,1,1,,1,,,,,,,,,,,,,,,,,,,,,1,,,,,,,1,,,,,,,,,,,,,,,,,1,,,,,,,,,,,,,,,,,,,,,,,,,,,,,,,,,,,,,,,,,,,,,,,,,,,,,,,,,,,,,,,,,,,,1,,,,,,
"SODIUM PHOSPHATE, DIBASIC, HEPTAHYDRATE","Sodium Phosphate, Dibasic",656,fuzzy,,,,,,,,,,,,,,,,,,,,,,,,,,,,,,,,,,,,,,,,,,,,,,,,,,,,,,,,,,,,,,,,,,,,,,,,,,,,,,,,,,,,,,,,,,,,,,,,,,,,,,,,,,,,,,,,,,,,,,,,,,,,,,
EDETATE DISODIUM ANHYDROUS,Disodium Edetate,242,exact,,,,,,,,,,,,,,,,,,,,,,,,,,,,,,,,,,,,,,,,,,,,,,,,,,,,,1,,,,,,,,,,,,,,,,,,,,,,,,,,,,,,,,,,,,,,,,,,,,,,,,,,,,,,,,,,,,,,,,,,,,,,,,,
PECTIN,Pectin,478,exact,1,,,,1,,,,,,,,,,,,1,,,1,,,,,,,,,,,,,,,,,,,,,1,,,,,,,,,,,,,,,,,,,,,,,,,,,,,,,,,,,,,,,,,,,,,,,,,,,,,,,,,,,,,,,,,,,,,,,,,,,,,,,,,,,,,
TRIBASIC SODIUM PHOSPHATE,"Sodium Phosphate, Dibasic",656,fuzzy,,,,,,,,,,,,,,,,,,,,,,,,,,,,,,,,,,,,,,,,,,,,,,,,,,,,,,,,,,,,,,,,,,,,,,,,,,,,,,,,,,,,,,,,,,,,,,,,,,,,,,,,,,,,,,,,,,,,,,,,,,,,,,
ASPARTAME ACESULFAME,Aspartame,48,Fuzzy,,,,,,,,,,,,,,,,,,,,,,,,,,,,,,,,,,,,,,,,,,,,,,,,,,,,,,,,,,,,,,,,,,,,,,,,,,,,,,,,,,,,,,,,,,,,,,,,,,,,,,,,,,,,,,,,,,,,,,,,,,,,,,
MAGNESIUM,Magnesium Aluminum Silicate,393,NOT in HPE,,,,,,,,,,,,,,,,,,,,,,1,,,,,,,,,,,,,,,,,,,,,,,,,,,,,,,,,,,,,,,,,,,,,,,,,,,,,,,,,,,,,,,,,1,,,,,,,,,,,,,,,,,,,,,,,,,,,,,,,,,,,,,,,
POLYVINYL ALCOHOL (94000 MW),Polyvinyl Alcohol,564,grade_stripped,,,,,1,,,1,1,,,,,,,,,,,,,,,,,,,,,,,,,,,1,,,,,,,,,,,,,,,,,,,,,,,,,,,,,,,,,,,,,,,,,,,,,,,,,,,,,,,,,,,,,,,,,,,,,,,,,,,,,,,,,,,,,,,,,,
Benzalkonium Chloride,Benzalkonium Chloride,56,exact,,1,,,,,,,,,,,1,,,,,,,,,,1,1,,,1,,,,,,,,,,,,,,,,,,,,,,,,,,,,,,,,,,,,,,,,,,,,,,,,,,,,,,,,,,,,,,,,,,,,,,,,,,,,,,,,,,,,,,,,,,,,,,,,,,,
GELATIN TYPE B BOVINE (150 BLOOM),Gelatin,278,Exact,,,,1,,,1,1,1,,,,,,,,,,,,,,,,1,,,,,,,,,,,,,,,,1,,,,,,,,,,,,,,,,,,,,,,,,,,,,,,,,,,,,,,,,,,,,,,,,,,,,,,,,,,,,,,,,,,,,,,,,,,,,,,,,,,,,,
HYDROGENATED OLIVE OIL,Olive Oil,470,NOT in HPE,,,,,,,,,,1,,,,,,,,,,,1,,,,,,,,,,,,,,,,1,,,,,,,,,,,,,,,,,,,,,,,,,,,,,,,,,,,,,,,,,,,,,,,,,,,,,,,,,,,,,,,,,,,,,,,,,,,,,,,,,,,,,,,,,
CARBOMER INTERPOLYMER TYPE A (55000 CPS),Carbomer,110,exact,1,,,1,1,,1,,,,,,,,,,,,,,,,,,,,,1,,,,,,,1,,,,,,,,,,,,,,,,,1,,,,,,,,,,,,,,,,,,,,,,,,,,,,,,,,,,,,,,,,,,,,,,,,,,,,,,,,,,,,,,,,,,,,1,,,,,,
TRIACETIN,Triacetin,748,exact,,,,,,1,,,,,,,,,,,,1,,,,,,,,,,,1,,,,,,,,,,,,,,,,,,,,,,,,,,,,,,,,,,,,,,,,,,,,,,,,,,,,,,,,,,,,,,,,,,,,,,,,,,,,,,,,,,,,,,,,,,,,,,,,,
HYDROXYETHYL CELLULOSE (4000 MPA.S AT 1%),Hydroxyethyl Cellulose,311,grade_stripped,,,,1,,,1,1,1,,,,,,,,1,,,,,,,,,,,,,,,,,,,,,,,,,,,,,,,,,,,,,,,,,,,,,,,,,,,,,,,,,,,,,,,,,,,,,,,,,,,,,,,,,,,,,,,,,,,,,,,,,,,,,,,,,,,,,
